City,County,1991-92,1992-93,1993-94,1994-95,1995-96,1996-97, 1997-98 , 1998-99 , 1999-00 , 2000-01 , 2001-02 , 2002-03 , 2003-04 ,2004-05,2005-06,2006-07,2007-08, 2008-09 , 2009-10 , 2010-11 , 2011-12 , 2012-13 , 2013-14 , 2014-15 , 2015-16 , 2016-17 , 2017-18
Alameda,Alameda, 142 , 152 , 147 , 153 , 166 , 180 , 188 , 203 , 212 , 221 , 231 , 247 , 266 , 277 , 304 , 315 , 338 , 313 , 317 , 328 , 326 , 323 , 330 , 325 , 340 , 378 , 379
Albany,Alameda, 123 , 153 , 128 , 139 , 164 , 134 , 161 , 180 , 184 , 119 , 187 , 170 , 192 , 215 , 312 , 291 , 301 , 331 , 264 , 286 , 295 , 274 , 294 , 291 , 294 , 291 , 329
Berkeley,Alameda, 245 , 247 , 212 , 221 , 231 , 230 , 238 , 250 , 251 , 312 , 314 , 282 , 250 , 287 , 304 , 299 , 335 , 452 , 384 , 471 , 461 , 400 , 410 , 425 , 442 , 523 , 462
Dublin,Alameda, 108 , 113 , 111 , 117 , 133 , 146 , 160 , 141 , 174 , 185 , 209 , 238 , 218 , 242 , 244 , 255 , 264 , 262 , 249 , 267 , 311 , 275 , 263 , 271 , 304 , 282 , 302
Emeryville,Alameda, 616 , 555 , 572 , 603 , 645 , 657 , 700 , 625 , 545 , 621 , 678 , 772 , 794 , 799 , 678 , 768 , 802 , 802 , 770 , 818 , 855 , 793 , 814 , 865 , 840 , 937 , 989
Fremont,Alameda, 114 , 110 , 63 , 69 , 110 , 128 , 121 , 124 , 123 , 62 , 135 , 133 , 141 , 182 , 185 , 192 , 155 , 98 , 145 , 208 , 110 , 178 , 183 , 199 , 261 , 287 , 293
Hayward,Alameda, 162 , 165 , 123 , 155 , 162 , 163 , 152 , 185 , 175 , 175 , 197 , 194 , 231 , 239 , 251 , 267 , 314 , 293 , 299 , 332 , 330 , 330 , 319 , 293 , 363 , 404 , 380
Livermore,Alameda, 131 , 138 , 110 , 141 , 140 , 145 , 145 , 148 , 142 , 161 , (277), 217 , 241 , 238 , 250 , 253 , 269 , 289 , 268 , 269 , 281 , 273 , 318 , 332 , 338 , 338 , 360
Newark,Alameda, 176 , 164 , 163 , 164 , 173 , 169 , 162 , 159 , 165 , 165 , 176 , 186 , 213 , 239 , 258 , 285 , 285 , 271 , 263 , 256 , 276 , 291 , 307 , 308 , 328 , 353 , 374
Oakland,Alameda, 265 , 211 , 190 , 214 , 226 , (628), 246 , 273 , 350 , 331 , 606 , 385 , 383 , 414 , 396 , 433 , 472 , 467 , 428 , 453 , 420 , 466 , 510 , 521 , 581 , 621 , 639
Piedmont,Alameda, 182 , 190 , 153 , 195 , 201 , 212 , 213 , 229 , 242 , 251 , 275 , 293 , 315 , 333 , 343 , 359 , 395 , 455 , 449 , 484 , 479 , 466 , 579 , 522 , 525 , 580 , 606
Pleasanton,Alameda, 155 , 166 , 161 , 162 , 160 , 156 , 160 , 173 , 178 , 198 , 198 , 212 , 217 , 251 , 285 , 312 , 317 , 309 , 323 , 297 , 318 , 321 , 335 , 327 , 343 , 343 , 335
San Leandro,Alameda, 133 , 131 , 148 , 172 , 149 , 163 , 160 , 184 , 183 , 217 , 225 , 246 , 228 , 249 , 250 , 254 , 257 , 285 , 250 , 242 , 234 , 229 , 247 , 275 , 283 , 303 , 341
Union City,Alameda, 131 , 129 , 119 , 137 , 140 , 139 , 141 , 152 , 146 , 159 , 171 , 168 , 180 , 131 , 136 , 156 , 162 , 202 , 187 , 199 , 191 , 211 , 226 , 240 , 274 , 296 , 301
Amador,Amador, 62 , 34 , 46 , 43 , 45 , 45 , 44 , 44 , 37 , (381), 618 , (116), (42), (153), 71 , (118), 3 , 346 , (276), 155 , (61), 31 , (18), (56), (85), (421), (262)
Ione,Amador, 40 , 44 , 42 , 42 , 41 , 47 , 42 , 39 , 53 , 37 , 53 , 69 , 48 , 66 , 67 , 77 , 110 , 139 , 119 , 137 , 137 , 114 , 102 , 100 , 102 , 92 , 80
Jackson,Amador, 184 , 173 , 165 , 146 , 179 , 157 , 139 , 151 , 191 , 181 , 211 , 241 , 234 , 291 , 329 , 337 , 373 , 368 , 306 , 242 , 243 , 240 , 258 , 249 , 281 , 247 , 291
Plymouth,Amador, 79 , 80 , 72 , 72 , 72 , 72 , 65 , 76 , 79 , (33), (20), (5), 4 , (8), (0), 2 , 89 , 6 , (20), 1 , (17), 11 ,,, (4), (40), (43)
Sutter Creek,Amador, 167 , 173 , 165 , 155 , 163 , 154 , 152 , 159 , 148 , 163 , 146 , 162 , 163 , 245 , 176 , NR , 350 , 259 , 268 , 277 , 217 , 293 , 348 , 350 , 296 , 248 , 233
Biggs,Butte, 118 , 93 , 92 , 79 , 91 , 93 , 89 , 84 , 85 , 145 , 208 , 116 , 117 , 170 , 193 , 259 , 327 , 126 , 82 , 33 , 33 , 62 , 41 , 41 , 29 , 26 , 2
Chico,Butte, 129 , 125 , 142 , 126 , 146 , 143 , 147 , 146 , 139 , 137 , 146 , 184 , 194 , 199 , 221 , 229 , 227 , 238 , 247 , 238 , 231 , 223 , 203 , 209 , 220 , 241 , 239
Gridley,Butte, 160 , 151 , 172 , 186 , 196 , 215 , 226 , 225 , 222 , 178 , 148 , 209 , 241 , 264 , 241 , 274 , 266 , 251 , 297 , 261 , 293 , 283 , 301 , 304 , 274 , 316 , 298
Oroville,Butte, 193 , 170 , 170 , 148 , 163 , 183 , 167 , 180 , 149 , 148 , 153 , 164 , 192 , 203 , 230 , 216 , 246 , 266 , 237 , 208 , 266 , 277 , 269 , 260 , 256 , 258 , 227
Paradise,Butte, 70 , 74 , 79 , 86 , 83 , 80 , 82 , 88 , 89 , 80 , 97 , 108 , 115 , 137 , 120 , 149 , 161 , 155 , 136 , 159 , 130 , 140 , 128 , 129 , 158 , 152 , 159
Angels Camp,Calaveras, 146 , 179 , 124 , 127 , 105 , 96 , 101 , 139 , 113 , 110 , 134 , 145 , 153 , 204 , 301 , 286 , 290 , 360 , 373 , 255 , 262 , 228 , 310 , 306 , 335 , 326 , 348
Colusa,Colusa, 99 , 91 , 102 , 98 , 111 , 100 , 110 , 106 , 109 , 102 , 113 , 91 , 105 , 102 , 141 , NR , NR , 154 , 161 , 155 , 144 , 153 , 162 , 159 , 171 , 196 , 196
Williams,Colusa, 144 , 124 , 132 , 139 , 145 , 153 , 141 , 133 , 158 , 114 , 132 , NR , 151 , NR , 144 , 193 , 185 , 256 , 229 , 244 , 223 , 262 , 257 , 266 , 240 , 241 , 261
Antioch,Contra Costa, 115 , 121 , 121 , 126 , 133 , 120 , 116 , 126 , 121 , 118 , 136 , 143 , 164 , 167 , 195 , 230 , 267 , 276 , 248 , 228 , 219 , 223 , 230 , 252 , 275 , 288 , 309
Brentwood,Contra Costa, 147 , 155 , 128 , 133 , 129 , 137 , 139 , 149 , 178 , 163 , (28), 184 , 194 , 212 , 266 , 233 , 263 , 258 , 241 , 258 , 266 , 255 , 252 , 260 , 251 , 245 , 275
Clayton,Contra Costa, 83 , 80 , 64 , 72 , 75 , 80 , 58 , 83 , 83 , 86 , 95 , 99 , 114 , 118 , 126 , 109 , 143 , 134 , 144 , 140 , 136 , 153 , 153 , 157 , 192 , 173 , 181
Concord,Contra Costa, 158 , 156 , 163 , 173 , 169 , 163 , 191 , 234 , 197 , 179 , 197 , 211 , 217 , 265 , 278 , 290 , 309 , 328 , 312 , 311 , 327 , 308 , 321 , 315 , 367 , 384 , 422
Danville,Contra Costa, 66 , 72 , 67 , 69 , 69 , 78 , 77 , 77 , 78 , 68 , 85 , 108 , 99 , 112 , 127 , 114 , 141 , 143 , 151 , 157 , 153 , 145 , 133 , 158 , 141 , 159 , 154
El Cerrito,Contra Costa, 164 , 170 , 154 , 159 , 159 , 165 , 141 , 134 , 136 , 156 , 172 , 196 , 198 , 230 , 251 , 284 , 301 , 315 , 312 , 337 , 372 , 283 , 364 , 362 , 393 , 400 , 415
Hercules,Contra Costa, 82 , 93 , 91 , 100 , 101 , 104 , 104 , 102 , 105 , 109 , 118 , 122 , 123 , 148 , 183 , 194 , 200 , 236 , 263 , 249 , 188 , 167 , 166 , 176 , 190 , 208 , 217
Lafayette,Contra Costa, 55 , 57 , 57 , 60 , 59 , 63 , 72 , 64 , 73 , 73 , 78 , 85 , 89 , 106 , 114 , 140 , 130 , 152 , 133 , 162 , 150 , 156 , 140 , 185 , 194 , 172 , 176
Martinez,Contra Costa, 156 , 156 , 152 , 145 , 150 , 129 , 116 , 134 , 135 , 141 , 187 , 198 , 185 , 203 , 206 , 215 , 243 , 240 , 248 , 250 , 244 , 249 , 242 , 224 , 251 , 261 , 266
Moraga,Contra Costa, 63 , 69 , 65 , 75 , 71 , 68 , 75 , 77 , 77 , 89 , 102 , 101 , 107 , 103 , 112 , 108 , 119 , 106 , 93 , 108 , 119 , 118 , 129 , 129 , 132 , 122 , 130
Oakley,Contra Costa,,,,,,,,, (5), 34 , 39 , 69 , 80 , 117 , 134 , 117 , 143 , 134 , 125 , 122 , 120 , 106 , 104 , 106 , 106 , 88 , 111
Orinda,Contra Costa, 71 , 67 , 72 , 78 , 92 , 82 , 91 , 82 , 89 , 89 , 90 , 93 , 103 , 120 , 134 , 148 , 165 , 175 , 191 , 208 , 190 , 195 , 195 , 207 , 201 , 205 , 198
Pinole,Contra Costa, 130 , 148 , 154 , 154 , 134 , 134 , 132 , 126 , 146 , 141 , 157 , 158 , 210 , 232 , 266 , 276 , 323 , 340 , 311 , 312 , 296 , 279 , 297 , 244 , 256 , 309 , 144
Pittsburg,Contra Costa, 139 , 153 , 144 , 138 , 155 , 139 , 149 , 160 , 160 , 179 , 194 , 214 , 220 , 230 , 257 , 196 , 285 , 297 , 294 , 271 , 267 , 260 , 263 , 288 , 298 , 321 , 325
Pleasant Hill,Contra Costa, 134 , 141 , 133 , 141 , 148 , 149 , 139 , 121 , 165 , 160 , 174 , 161 , 211 , 248 , 265 , 291 , 316 , 276 , 284 , 285 , 268 , 259 , 233 , 242 , 264 , 282 , 271
Richmond,Contra Costa, 179 , 156 , 166 , 196 , 169 , 208 , 210 , 221 , (75), 186 , 274 , 309 , NR , NR , 368 , 406 , 500 , 538 , 576 , 601 , 554 , 531 , 559 , 524 , 568 , 561 , 538
San Pablo,Contra Costa, 103 , 152 , 171 , 161 , 168 , 176 , 194 , 199 , 189 , 176 , 193 , 210 , 236 , 284 , 453 , 302 , 456 , 394 , 418 , 436 , 437 , 458 , 461 , 470 , 410 , 429 , 466
San Ramon,Contra Costa, 71 , 72 , 74 , 83 , 89 , 91 , 96 , 93 , 100 , 106 , 120 , 146 , 140 , 156 , 140 , 199 , 187 , 226 , 221 , 216 , 207 , 209 , 211 , 143 , 227 , 236 , 244
Walnut Creek,Contra Costa, 137 , 144 , 144 , 151 , 153 , 153 , 152 , 153 , 165 , 170 , 182 , 197 , 209 , 239 , 253 , 275 , 291 , 309 , 311 , 317 , 318 , 314 , 333 , 328 , 339 , 349 , 370
Crescent City,Del Norte, 121 , 102 , 115 , 117 , 120 , 113 , 105 , 106 , 104 , 108 , 114 , 108 , 125 , 137 , 133 , 133 , (25), 188 , 229 , 234 , 202 , 196 , 220 , 208 , 212 , 229 , 245
Placerville,El Dorado, 208 , 193 , 179 , 166 , 166 , 169 , NR , 160 , NR , NR , NR , 226 , 253 , 274 , 265 , NR , 340 , NR , 275 , 285 , 294 , 293 , 276 , 280 , 326 , 350 , 347
South Lake Tahoe,El Dorado, 186 , 186 , 189 , 178 , 187 , 191 , 184 , 201 , 165 , 189 , 215 , 227 , 253 , 217 , 253 , 245 , 272 , 293 , 299 , 382 , 347 , 327 , 324 , 327 , 322 , 338 , 332
Clovis,Fresno, 127 , 119 , 120 , 124 , 121 , 129 , 136 , 133 , 143 , 149 , 163 , 173 , 177 , 188 , 207 , 221 , 220 , 209 , 193 , 198 , 207 , 209 , 227 , 233 , 246 , 267 , 267
Coalinga,Fresno, 93 , 94 , 112 , 61 , 161 , 108 , 132 , 122 , 101 , 84 , 94 , 94 , 104 , 88 , 97 , 125 , 132 , 121 , 118 , 150 , 156 , 177 , 180 , 167 , 170 , 173 , 162
Firebaugh,Fresno, 99 , 89 , 99 , 112 , 100 , 104 , 107 , 120 , 106 , 53 , 112 , 139 , 144 , 153 , 168 , 175 , 202 , 215 , 188 , 202 , 193 , 181 , 187 , 184 , 159 , 177 , 62
Fowler,Fresno, 80 , 87 , 96 , 114 , 169 , 56 , 105 , 80 , 79 , 74 , 75 , 84 , 103 , 104 , 126 , 159 , 204 , 207 , 176 , 192 , 218 , 210 , 229 , 252 , 225 , 239 , 223
Fresno,Fresno, 129 , 143 , 123 , 128 , 127 , 125 , 125 , 118 , 134 , 146 , 160 , 168 , 173 , 178 , 190 , 194 , 187 , 151 , 215 , 208 , 222 , 223 , 208 , 220 , 228 , 235 , 242
Huron,Fresno, 63 , 53 , 73 , 71 , 53 , 77 , 91 , 89 , 95 , 92 , 91 , 93 , 92 , 103 , 127 , 96 , 160 , 151 , 129 , 105 , (111), 124 , 119 , 118 , 132 , 41 , (200)
Kerman,Fresno, 103 , 106 , 109 , 114 , 112 , 119 , 126 , 140 , 130 , 117 , 124 , 118 , 114 , 110 , 126 , 135 , 153 , 141 , 139 , 149 , 156 , 161 , 163 , 159 , 166 , 169 , 173
Kingsburg,Fresno, 104 , 96 , 103 , 104 , 113 , 106 , 109 , 108 , 119 , 107 , 4 , 136 , 134 , 150 , 154 , 157 , 154 , 174 , 185 , 185 , 110 , 91 , 139 , 138 , 140 , 153 , 184
Mendota,Fresno, 82 , 66 , 65 , 54 , 23 , 22 , 25 , 22 , 18 , 41 , 48 , 31 , 22 , 44 , 32 , 27 , 37 , 55 , 47 , 61 , 83 , 97 , 111 , 121 , 111 , 45 , 119
Orange Cove,Fresno, 30 , 30 , 28 , 27 , 27 , 21 , 23 , 26 , 19 , (7), 31 , 24 , 27 , 23 , 32 , 54 , 48 , 67 , 136 , 202 , 193 , 185 , 184 , 138 , 157 , 159 , 170
Parlier,Fresno, 51 , 62 , 67 , 73 , 71 , 65 , 60 , 54 , 71 , 61 , 72 , 86 , 86 , 86 , 96 , 98 , 120 , 124 , 125 , 136 , 123 , 121 , 98 , 116 , 121 , 102 , 94
Reedley,Fresno, 99 , 100 , 103 , 100 , 103 , 93 , 100 , 91 , 99 , 102 , 113 , 122 , 128 , 137 , 142 , 142 , 142 , 116 , 136 , 147 , 132 , 115 , 109 , 142 , 137 , 155 , 135
San Joaquin,Fresno, 42 , 42 , 41 , 39 , 37 , 35 , 28 , 27 , 30 , 44 , 36 , 51 , 19 , 15 , 20 , 18 , 17 , 21 , 22 , 22 , 31 , 25 , 30 , 19 , 27 , 20 , 6
Sanger,Fresno, 100 , 102 , 111 , 108 , 99 , 103 , 110 , 105 , 84 , 79 , 112 , 111 , 115 , 100 , 145 , 156 , 161 , 158 , 137 , 169 , 177 , 184 , 202 , 178 , 213 , 231 , 215
Selma,Fresno, 106 , 94 , 109 , 112 , 111 , 115 , 116 , 103 , 87 , 94 , 110 , 121 , 126 , 134 , 153 , 162 , 181 , 135 , 114 , 103 , 103 , 115 , 120 , 121 , 130 , 133 , 136
Orland,Glenn, 82 , 95 , 100 , 92 , 94 , 95 , 103 , 104 , 114 , 115 , 109 , 123 , 127 , 133 , 152 , 195 , 207 , 207 , 183 , 196 , 179 , 178 , 174 , 194 , 213 , 215 , 225
Willows,Glenn, 88 , 80 , 88 , 87 , 92 , 97 , 104 , 96 , 77 , 62 , 88 , 110 , 131 , 147 , 136 , 144 , 182 , 199 , 176 , 181 , 166 , 188 , 199 , 203 , 219 , 224 , 231
Arcata,Humboldt, 93 , 100 , 101 , 101 , 106 , 101 , 111 , 123 , 118 , 119 , 143 , 155 , 171 , 149 , 182 , 186 , 198 , 216 , 235 , 245 , 240 , 248 , 263 , 279 , 267 , 273 , 284
Blue Lake,Humboldt, 37 , 59 , 93 , 105 , 126 , 117 , 145 , 106 , 51 , (37), 22 , 26 , 94 , 113 , 94 , 109 , 100 , 78 , 82 , 96 , 76 , 94 , 130 , 135 , 124 , 129 , 130
Eureka,Humboldt, 113 , 117 , 132 , 129 , 152 , 142 , 163 , 158 , 164 , 165 , 175 , 193 , 211 , 247 , 234 , 254 , 254 , 275 , 313 , 322 , 333 , 366 , 406 , 405 , 401 , 411 , 406
Ferndale,Humboldt, 108 , 110 , 82 , 113 , 108 , 101 , 100 , 89 , 104 , (91), 74 , 85 , 103 , 110 , 92 , 82 , 90 , 110 , 104 , 111 , 146 , 169 , 144 , 176 , 223 , 196 , 214
Fortuna,Humboldt, 108 , 99 , 97 , 88 , 90 , 94 , 87 , 83 , 82 , 70 , 93 , 100 , 106 , 118 , 135 , 134 , 142 , 162 , 164 , 165 , 172 , 176 , 210 , 202 , 224 , 229 , 240
Rio Dell,Humboldt, 83 , 59 , 93 , NR , NR , NR , NR , NR , NR , NR , NR , 68 , 102 , 103 , 125 , 145 , 115 , 142 , 165 , 93 , 114 , 107 , 146 , 191 , 146 , 199 , 135
Trinidad,Humboldt, 87 , 15 , 39 , 27 , 128 , 249 , 155 , 138 , 108 , (500), 258 , 401 , 366 , 434 , 316 , 264 , 240 , 446 , 489 , 283 , 177 , 312 , 325 , 226 , 247 , (53), 283
Brawley,Imperial, 88 , 106 , 112 , 121 , 111 , 115 , 105 , 110 , 106 , 95 , 104 , 125 , 125 , 135 , 132 , 146 , 149 , 181 , 171 , 203 , 216 , 191 , 176 , 178 , 186 , 177 , 175
Calexico,Imperial, 99 , 93 , 94 , 86 , 97 , 97 , 111 , 126 , 108 , 92 , 103 , 118 , 112 , 135 , 117 , 148 , 152 , 158 , 160 , 126 , 200 , 156 , 171 , 174 , 182 , 131 , 119
Calipatria,Imperial, 67 , 36 , 42 , 42 , 46 , 44 , 44 , 58 , 41 , 14 , 16 , 42 , 48 , 41 , 44 , 45 , 39 , 45 , 32 , 37 , 35 , 61 , 34 , 30 , 46 , 22 , 30
El Centro,Imperial, 88 , 94 , 101 , 95 , 89 , 84 , 90 , 88 , 86 , 93 , 97 , 109 , 123 , 133 , 143 , 124 , 179 , 198 , 188 , 145 , 180 , 175 , 178 , 160 , 189 , 205 , 172
Holtville,Imperial, 113 , 95 , 94 , 93 , 90 , 91 , 97 , 99 , 105 , 77 , 93 , 118 , 103 , 133 , 80 , 102 , 73 , 127 , 107 , 97 , 106 , 120 , 133 , 112 , 113 , 91 , 100
Imperial,Imperial, 119 , 124 , 137 , 138 , 147 , 121 , 90 , 99 , 97 , 86 , 98 , 132 , NR , NR , 147 , 134 , 123 , 140 , NR , 125 , 143 , 113 , 128 , 96 , 103 , 110 , 98
Westmorland,Imperial, 117 , 110 , 108 , NR , NR , 79 , 118 , 98 , 113 , 27 , 38 , 57 , (7), 44 , 48 , 106 , 74 , 143 , NR , 108 , (18), 137 , 50 , 151 , 119 , 42 , 168
Bishop,Inyo, 436 , 454 , 430 , 433 , 418 , 410 , 520 , 433 , 446 , 385 , 400 , 485 , 579 , 530 , 596 , 697 , 772 , 827 , 831 , 721 , 697 , 752 , 782 , 780 , 808 , 788 , 796
Arvin,Kern, 51 , 53 , 73 , 52 , 66 , 45 , 60 , 62 , 64 , 28 , 59 , 63 , 64 , 73 , 83 , 108 , 108 , 99 , 82 , 93 , 121 , 94 , 96 , 105 , 99 , 57 , 111
Bakersfield,Kern, 130 , 126 , 123 , 122 , 124 , 126 , 136 , 144 , 140 , 134 , 131 , 142 , 150 , 164 , 175 , 181 , 191 , 180 , 139 , 145 , 168 , 177 , 189 , 202 , 207 , 196 , 205
California City,Kern, 127 , 119 , 110 , 111 , 105 , 92 , 123 , 74 , 80 , 62 , 135 , 79 , 86 , 49 , 52 , 40 , 57 , 32 , 42 , 35 , 48 , (47), (39), (77), (26), (20), 42
Delano,Kern, 88 , 90 , 75 , 82 , 89 , (93), (147), 96 , 100 , 83 , 81 , 77 , 83 , 99 , 96 , 82 , 90 , 248 , 257 , 63 , 158 , 113 , 113 , 53 , 121 , 162 , 175
Maricopa,Kern, 65 , 44 , 57 , 61 , 117 , 100 , 78 , 106 , NR , 25 , 96 , 145 , 143 , 111 , 121 , 176 , 121 , 126 , 154 , 105 , 17 , 24 , 7 , (2), (16), (16), (6)
Mcfarland,Kern, 65 , 56 , 47 , 53 , 53 , 42 , 62 , 58 , 49 , 52 , 60 , 45 , 36 , NR , 59 , 99 , 84 , 108 , (39), 112 , 98 , 108 , 78 , 98 , 108 , 124 , 117
Ridgecrest,Kern, 93 , 88 , 89 , 83 , 85 , 84 , 92 , 98 , 90 , 105 , 131 , 126 , 129 , 138 , 193 , 202 , 214 , 211 , 205 , 210 , 203 , 197 , 209 , 112 , 107 , 63 , 42
Shafter,Kern, 80 , 56 , 56 , 61 , 72 , 75 , 68 , 73 , 87 , 52 , 86 , 103 , 113 , 132 , 23 , 16 , 175 , 210 , 134 , 170 , 251 , 207 , 233 , 227 , 239 , 273 , 256
Taft,Kern, 150 , 149 , 158 , 160 , 153 , 132 , 129 , 109 , 113 , 117 , 136 , 61 , 73 , 80 , NR , NR , NR , NR , NR , 59 , 225 , 282 , 225 , 57 , 270 , 274 , 322
Tehachapi,Kern, 113 , 125 , 99 , 110 , 103 , 98 , 95 , 57 , 60 , 71 , 84 , 82 , 84 , 81 , 88 , 165 , 189 , 153 , 134 , 122 , 151 , 161 , 210 , 213 , 270 , 202 , 223
Wasco,Kern, 69 , 75 , 73 , 83 , 74 , 75 , 69 , 70 , 73 , 61 , 69 , 62 , 59 , 72 , 75 , 100 , 115 , 125 , 130 , 129 , 129 , 127 , 128 , 106 , 102 , 113 , 122
Avenal,Kings, 50 , 54 , 47 , 48 , 47 , 53 , 49 , 55 , 53 , 36 , 48 , 46 , 44 , 81 , 68 , 81 , 92 , 84 , 98 , 145 , 154 , 174 , 188 , 209 , 182 , 196 , 167
Corcoran,Kings, 68 , 70 , 70 , 95 , 83 , 84 , 76 , 58 , 61 , 74 , 80 , 86 , 78 , 80 , 90 , 95 , 100 , 115 , 111 , 129 , 130 , 131 , 144 , 146 , 142 , 152 , 147
Hanford,Kings, 86 , 83 , 84 , 85 , 96 , 94 , 98 , 101 , 93 , 88 , 86 , 96 , 97 , 103 , 112 , 114 , 125 , 145 , 138 , 143 , 153 , 158 , 169 , 154 , 160 , 178 , 190
Lemoore,Kings, 90 , 88 , 90 , 91 , NR , 79 , 70 , 64 , 59 , 60 , 97 , 97 , 93 , 104 , 110 , 120 , 137 , 158 , 95 , 111 , 149 , 148 , 154 , 162 , 147 , 185 , 215
Clearlake,Lake, 121 , 121 , 110 , 111 , 110 , 143 , 160 , 101 , 94 , 115 , 74 , 109 , 87 , 80 , 91 , 150 , 153 , 178 , 177 , 124 , 197 , 200 , 206 , 200 , 205 , 215 , 207
Lakeport,Lake, 164 , 200 , 209 , 167 , 182 , 163 , 192 , 207 , 208 , 266 , 193 , 257 , 289 , 281 , 214 , 235 , 268 , 273 , 295 , 290 , 276 , 258 , 268 , 274 , 291 , 312 , 321
Susanville,Lassen, 76 , 76 , 75 , 82 , 83 , 59 , NR , NR , 68 , 66 , 52 , 81 , 107 , 101 , 105 , 102 , 102 , 112 , 108 , 114 , 118 , 120 , 120 , 135 , 102 , 154 , 162
Agoura Hills,Los Angeles, 42 , 78 , 85 , 87 , 91 , 91 , 85 , 87 , 90 , 97 , 100 , 97 , 100 , 80 , 105 , 110 , 127 , 141 , 140 , 176 , 160 , 172 , 173 , 182 , 189 , 202 , 211
Alhambra,Los Angeles, (186), 130 , 95 , 88 , 91 , 106 , 91 , 93 , 75 , 71 , 92 , 103 , 97 , 120 , 135 , 139 , 158 , 159 , 161 , 178 , 178 , 177 , 188 , 185 , 193 , 202 , 215
Arcadia,Los Angeles, 138 , 152 , 150 , 149 , 146 , 146 , 142 , 142 , 147 , 8 , 153 , 162 , 166 , 208 , 204 , 205 , 238 , 245 , 242 , 252 , 255 , 157 , 266 , 288 , 300 , 327 , 335
Artesia,Los Angeles, 92 , 74 , 80 , 83 , 86 , 91 , 98 , 81 , 100 , 98 , 108 , 135 , 137 , 135 , 94 , 140 , 140 , 134 , 119 , 113 , 138 , 130 , 155 , 162 , 176 , 193 , 208
Avalon,Los Angeles, 212 , 219 , 218 , 214 , 210 , 206 , 190 , 195 , 191 , 210 , 230 , 201 , 218 , 229 , 277 , 267 , 283 , 273 , 289 , 297 , 251 , 275 , 308 , 320 , 344 , 366 , 388
Azusa,Los Angeles, 146 , 156 , 146 , 154 , 156 , 154 , 201 , 174 , 203 , 226 , 205 , 195 , 210 , 228 , 235 , 252 , 284 , 296 , 288 , 323 , 331 , 307 , 315 , 322 , 346 , 340 , 392
Baldwin Park,Los Angeles, 71 , 93 , 96 , 92 , 95 , 95 , 108 , 95 , 101 , 100 , 106 , 103 , 124 , 135 , 152 , 150 , 165 , 160 , 148 , 205 , 202 , 205 , 203 , 211 , 226 , 231 , 258
Bell,Los Angeles, 122 , 142 , 103 , 89 , 89 , 90 , 135 , 92 , 69 , 66 , 64 , 106 , 108 , 119 , 98 , 118 , 91 , 60 , 79 , 201 , 178 , 221 , 183 , 146 , 212 , 215 , 247
Bell Gardens,Los Angeles, 109 , 146 , 143 , 162 , 158 , 148 , 153 , 147 , 131 , 128 , 137 , 144 , 148 , 182 , 193 , 221 , 233 , 273 , 266 , 273 , 266 , 259 , 280 , 288 , 314 , 323 , 340
Bellflower,Los Angeles, 59 , 60 , 80 , 96 , 95 , 92 , 91 , 90 , 86 , 85 , 85 , 94 , 96 , 99 , 96 , 107 , 116 , 137 , 133 , 132 , 114 , 117 , 121 , 128 , 132 , 131 , 135
Beverly Hills,Los Angeles, 544 , 513 , 485 , 496 , 542 , 570 , 530 , 622 , 613 , 660 , 760 , 794 , 827 , 935 , 990 , 870 , 898 , 953 , 767 , 901 , 872 , 916 , 886 ," 1,398 "," 1,575 "," 1,953 "," 2,113 "
Bradbury,Los Angeles, 74 , 92 , 54 , 56 , 55 , 56 , 59 , 41 , 58 , 57 , 80 , (22), (38), (35), (29), (25), (17), 115 , 85 , 43 , 63 , 97 , 74 , 73 , 20 , 69 , 101
Burbank,Los Angeles, 178 , 193 , 192 , 199 , 200 , 202 , 215 , 221 , 221 , 229 , 246 , 261 , 141 , 281 , 311 , 329 , 346 , 369 , 370 , 374 , 408 , 421 , 422 , 425 , 446 , 479 , 479
Calabasas,Los Angeles, 108 , 112 , 118 , 120 , 116 , 112 , 108 , 115 , 117 , 118 , 127 , NR , 114 , 135 , 145 , 156 , 159 , 182 , 176 , 184 , 171 , 175 , 172 , 169 , 178 , 173 , 180
Carson,Los Angeles, 98 , 110 , 106 , 103 , 96 , 109 , 108 , 111 , 110 , 125 , 130 , 147 , 158 , 156 , 166 , 178 , 197 , 204 , 201 , 202 , 220 , 238 , 243 , 247 , 243 , 247 , 201
Cerritos,Los Angeles, 90 , 92 , 96 , 100 , 101 , 107 , 116 , 119 , 126 , 145 , 155 , 168 , 175 , 180 , 190 , 210 , 214 , 228 , 225 , 253 , 247 , 269 , 275 , 296 , 295 , 248 , 227
Claremont,Los Angeles, 113 , 138 , 138 , 134 , 143 , 138 , 149 , 153 , 144 , 133 , 150 , 158 , 174 , 188 , 190 , 198 , 199 , 222 , 210 , 163 , 219 , 243 , 230 , 267 , 276 , 279 , 356
Commerce,Los Angeles, (0), (40), (59), (146), (179), (304), (275), (164), (89), (650), (220), (216), (215), (254), 10 , 21 , 17 , 79 , 75 , 64 , 65 , 67 , (100), 461 , 448 , 500 , 537
Compton,Los Angeles, 100 , 125 , 111 , 120 , 116 , 123 , 116 , 129 , 132 , 143 , 114 , 125 , 134 , 129 , 117 , 119 , 16 , 9 , 35 , 25 , 156 , 167 , 170 , 176 , 198 , 211 , 223
Covina,Los Angeles, 141 , 156 , 156 , 195 , 155 , 164 , 160 , 176 , 167 , 175 , 160 , 168 , 183 , 190 , 201 , 215 , 237 , 244 , 240 , 247 , 279 , 285 , 281 , 300 , 292 , 273 , 284
Cudahy,Los Angeles, 86 , 87 , 83 , 82 , 64 , 73 , 78 , 79 , 83 , 86 , 90 , 91 , 78 , 95 , 93 , 92 , 105 , 104 , 99 , 102 , 128 , 133 , 146 , 148 , 154 , 163 , 149
Culver City,Los Angeles, 330 , 322 , 303 , 303 , 325 , 350 , 359 , 344 , 345 , 401 , 389 , 456 , 478 , 543 , 567 , 566 , 525 , 656 , 643 , 619 , 647 , 667 , 724 , 718 , 758 , 814 , 846
Diamond Bar,Los Angeles, 70 , 64 , 68 , 68 , 67 , 56 , 59 , 61 , 64 , 68 , 66 , 69 , 65 , 65 , 68 , 71 , 72 , 80 , 79 , 89 , 90 , 90 , 87 , 93 , 98 , 100 , 106
Downey,Los Angeles, 154 , 153 , 153 , 157 , 161 , 154 , 157 , 150 , 154 , 143 , 148 , 154 , 163 , 186 , 190 , 193 , 203 , 222 , 215 , 227 , 233 , 201 , 206 , 219 , 227 , 262 , 278
Duarte,Los Angeles, 109 , 95 , 98 , 104 , 88 , 97 , 97 , 103 , 106 , 118 , 124 , 132 , 129 , 132 , 143 , 137 , 156 , 167 , 160 , 167 , 173 , 167 , 167 , 178 , 197 , 207 , 222
El Monte,Los Angeles, 74 , 87 , 99 , 99 , 108 , 89 , 85 , 81 , 105 , 123 , 131 , 134 , 131 , 139 , 143 , 142 , 165 , 149 , 135 , 164 , 148 , 162 , 149 , 165 , 164 , 185 , 214
El Segundo,Los Angeles, 440 , 591 , 572 , 415 , 430 , 485 , 524 , 598 , 478 , 629 , 609 , 693 , 709 , 748 , 826 , 896 , 982 ," 1,047 ", 958 , 932 , 972 ," 1,002 "," 1,086 "," 1,116 "," 1,058 "," 1,159 "," 1,139 "
Gardena,Los Angeles, 195 , 195 , 197 , 198 , 184 , 175 , 173 , 159 , 143 , 183 , 173 , 178 , 182 , 211 , 236 , 254 , 246 , 261 , 240 , 235 , 246 , 274 , 310 , 309 , 362 , 387 , 407
Glendale,Los Angeles, 119 , 129 , 122 , 126 , 127 , 130 , 140 , 135 , 158 , (178), 149 , 150 , 191 , 200 , 229 , 216 , 235 , 260 , 264 , 306 , 318 , 325 , 319 , 331 , 341 , 356 , 379
Glendora,Los Angeles, 103 , 120 , 115 , 109 , 115 , 104 , 96 , 108 , 97 , 113 , 126 , 110 , 134 , 169 , 185 , 195 , 204 , 218 , 184 , 195 , 222 , 199 , 201 , 164 , 239 , 251 , 281
Hawaiian Gardens,Los Angeles, 96 , 80 , 98 , 173 , 127 , NR , (17), 126 , 121 , 118 , 111 , 131 , 113 , 165 , 139 , 168 , 163 , (8), 151 , 227 , 225 , 250 , 227 , 234 , 244 , 262 , 279
Hawthorne,Los Angeles, 149 , 162 , 143 , 171 , 168 , 179 , 178 , 163 , 169 , 191 , 181 , 229 , 91 , 240 , 260 , 190 , 253 , 282 , NR , 307 , 328 , 318 , 317 , 318 , 329 , 321 , 395
Hermosa Beach,Los Angeles, 140 , 222 , 220 , 203 , 222 , 236 , 246 , 257 , 269 , 317 , 308 , 324 , 323 , 360 , 393 , 460 , 505 , 470 , 474 , 552 , 565 , 578 , 591 , 641 , 708 , 720 , 740
Hidden Hills,Los Angeles, 41 , 43 , 57 , 76 , 69 , 74 , 63 , 50 , 59 , 57 , 75 , 72 , 62 , 95 , 78 , 76 , 95 , 85 , 106 , 115 , 128 , 141 , 137 , 147 , 167 , 160 , 178
Huntington Park,Los Angeles, 117 , 128 , 132 , 146 , 190 , 178 , 162 , 166 , 156 , 157 , 116 , 132 , 103 , 133 , 140 , 177 , 188 , 199 , 214 , 226 , 238 , 257 , 248 , 242 , 234 , 242 , 239
Industry,Los Angeles," 4,795 "," 4,665 "," 5,745 "," 5,449 "," 5,523 "," 5,500 "," 4,817 "," 5,466 "," 5,382 "," 4,343 "," 4,246 "," 4,812 "," 5,498 "," 6,796 "," 7,295 "," 7,398 "," 8,245 "," 9,354 "," 7,409 "," 11,732 "," 14,966 "," 18,894 "," 18,362 "," 17,162 "," 18,561 "," 21,260 "," 21,906 "
Inglewood,Los Angeles, 187 , 189 , 180 , 189 , 205 , 262 , 176 , 162 , 156 , 214 , 217 , 173 , 173 , 211 , 179 , 227 , 287 , 354 , 192 , 189 , 169 , 167 , 203 , 276 , 326 , 427 , 415
Irwindale,Los Angeles," 1,891 "," 2,143 "," 2,056 "," 2,987 "," 3,382 "," 3,120 "," 3,060 "," 3,047 "," 3,036 "," 1,957 "," 2,441 "," 2,164 "," 2,315 "," 2,603 "," 2,804 "," 3,011 "," 3,110 "," 3,461 "," 2,582 "," 3,175 "," 3,271 "," 3,241 "," 3,380 "," 3,533 "," 3,829 "," 3,740 "," 3,892 "
La Canada Flintridge,Los Angeles, (1), 69 , 75 , 75 , 89 , 79 , 76 , 73 , 82 , 78 , 91 , 94 , 93 , 97 , 104 , 105 , 114 , 118 , 111 , 124 , 123 , 129 , 132 , 135 , 142 , 155 , 157
La Habra Heights,Los Angeles, 85 , 89 , 89 , 92 , 78 , 75 , 71 , 54 , 67 , 76 , 72 , 65 , 72 , 83 , 104 , 102 , 107 , 88 , 97 , 116 , 96 , 104 , 94 , 107 , 109 , 126 , 124
La Mirada,Los Angeles, 79 , 84 , 89 , 91 , 89 , 87 , 84 , 80 , 91 , 105 , 116 , 120 , 118 , 126 , 138 , 145 , 148 , 155 , 151 , 135 , 146 , 144 , 145 , 143 , 159 , 164 , 171
La Puente,Los Angeles, 94 , 93 , 95 , 90 , 75 , 72 , 70 , 71 , 73 , 56 , 66 , 73 , 70 , 72 , 80 , 84 , 91 , 91 , 100 , 109 , 114 , 117 , 119 , 115 , 120 , 126 , 141
La Verne,Los Angeles, 126 , 133 , 134 , 136 , 136 , 130 , 137 , 96 , 92 , 135 , 162 , 173 , 185 , 201 , 228 , 229 , 223 , 241 , 275 , 227 , 248 , 253 , 189 , 278 , 287 , 345 , 313
Lakewood,Los Angeles, 52 , 57 , 60 , 66 , 65 , 65 , 61 , 65 , 68 , 74 , 76 , 86 , 88 , 90 , 102 , 107 , 113 , 131 , 117 , 121 , 135 , 137 , 137 , 153 , 146 , 146 , 143
Lancaster,Los Angeles, 79 , 75 , 76 , 79 , 82 , 93 , 89 , 90 , 82 , 90 , 95 , 90 , 97 , 99 , 128 , 125 , 171 , 173 , 178 , 168 , 162 , 162 , 151 , 153 , 162 , 176 , 181
Lawndale,Los Angeles, 90 , 89 , 82 , 61 , 74 , 77 , 72 , 98 , 99 , 100 , 103 , 100 , 96 , 106 , 117 , 119 , 136 , 141 , 133 , 130 , 133 , 133 , 137 , 144 , 150 , 159 , 157
Lomita,Los Angeles, 77 , 74 , 83 , 82 , 86 , 82 , 76 , 89 , 84 , 92 , 92 , 92 , 91 , 90 , 87 , 84 , 67 , 89 , 92 , 99 , 105 , 110 , 113 , 115 , 122 , 141 , 147
Long Beach,Los Angeles, 218 , 233 , 227 , 244 , 335 , 245 , 254 , 241 , 244 , 262 , 262 , 232 , 187 , 281 , 274 , 303 , 311 , 322 , 360 , 370 , 353 , 352 , 342 , 375 , 365 , 430 , 428
Los Angeles,Los Angeles, 256 , 249 , 239 , 246 , 226 , 276 , 274 , 276 , 294 , 301 , 282 , 311 , 340 , 253 , 366 , 418 , 440 , 437 , 432 , 442 , 463 , 479 , 510 , 547 , 576 , 574 , 586
Lynwood,Los Angeles, 69 , 68 , 81 , 74 , 71 , 61 , 67 , 60 , 46 , 74 , 78 , 74 , 78 , 81 , 83 , 75 , 103 , 111 , 92 , 115 , 77 , 95 , 88 , 100 , 131 , 139 , 151
Malibu,Los Angeles, 258 , 266 , 308 , 304 , 281 , 274 , 286 , 302 , 291 , 299 , 305 , 294 , 291 , 292 , 312 , 332 , 346 , 373 , 366 , 436 , 426 , 446 , 458 , 461 , 471 , 516 , 505
Manhattan Beach,Los Angeles, 200 , 235 , 231 , 239 , 240 , 247 , 251 , 262 , 261 , 255 , 255 , 260 , 274 , 149 , 345 , 378 , 458 , 381 , 361 , 412 , 464 , 315 , 541 , 535 , 590 , 633 , 647
Maywood,Los Angeles, 57 , 59 , 63 , 70 , 67 , 85 , 78 , 89 , 65 , 42 , 60 , 78 , 83 , 110 , 118 , 194 , 152 , 133 , 143 , 122 , 106 , NR , NR , NR , NR , NR , 130
Monrovia,Los Angeles, 109 , 145 , 153 , 150 , 108 , 166 , 173 , 173 , 173 , 183 , 198 , 198 , 208 , 234 , 250 , 259 , 402 , 378 , 374 , 419 , 446 , 435 , 399 , 394 , 472 , 571 , 585
Montebello,Los Angeles, 123 , 116 , 138 , 128 , 132 , 126 , 135 , 57 , 114 , 136 , 176 , 197 , 213 , 191 , 187 , 191 , 235 , 256 , 250 , 233 , 227 , 235 , 258 , 257 , 257 , 270 , 274
Monterey Park,Los Angeles, 90 , 89 , 111 , 113 , 106 , 104 , 84 , 94 , 91 , 110 , 119 , 128 , 119 , 139 , 148 , 117 , 153 , 163 , 181 , 154 , 147 , 115 , 143 , 151 , 146 , 186 , 184
Norwalk,Los Angeles, 76 , 78 , 81 , 79 , 79 , 79 , 73 , 72 , 73 , 73 , 76 , 83 , 84 , 87 , 98 , 101 , 112 , 105 , 90 , 100 , 108 , 107 , 109 , 107 , 110 , 115 , 123
Palmdale,Los Angeles, 71 , 65 , 69 , 70 , 72 , 76 , 74 , 75 , 72 , 81 , 8 , 79 , 86 , 95 , 104 , 101 , 114 , 121 , 116 , 118 , 116 , 125 , 126 , 129 , 132 , 146 , 152
Palos Verdes Estates,Los Angeles, 123 , 186 , 183 , 190 , 198 , 209 , 204 , 200 , 195 , 179 , 216 , 246 , 261 , 289 , 340 , 344 , 353 , 365 , 455 , 459 , 450 , 395 , 415 , 446 , 479 , 499 , 415
Paramount,Los Angeles, 90 , 90 , 112 , 113 , 111 , 106 , 96 , 6 , (5), 115 , 113 , 118 , 121 , 135 , 107 , 154 , 167 , 168 , 159 , 177 , 179 , 167 , 166 , 174 , 181 , 174 , 186
Pasadena,Los Angeles, 174 , 205 , 190 , 192 , 201 , 159 , 200 , 224 , 203 , 238 , 240 , 236 , 241 , 260 , 263 , 269 , 304 , 309 , 347 , 351 , 377 , 369 , 366 , (28), 417 , 465 , 494
Pico Rivera,Los Angeles, 70 , 66 , 68 , 85 , 83 , 80 , 78 , 77 , 78 , 88 , 87 , 91 , 103 , 112 , 119 , 133 , 150 , 150 , 152 , 166 , 156 , 159 , 161 , 170 , 179 , 189 , 200
Pomona,Los Angeles, 138 , 129 , 142 , 149 , 164 , 158 , 170 , 156 , 153 , 155 , 158 , 175 , 203 , 223 , 235 , 247 , 266 , 267 , 201 , 216 , 209 , 205 , 233 , 243 , 267 , 297 , 302
Rancho Palos Verdes,Los Angeles, 48 , 51 , 52 , 53 , 55 , 55 , 49 , 50 , 50 , 54 , 61 , 63 , 64 , 65 , 74 , 82 , 88 , 92 , 86 , 91 , 89 , 98 , 103 , 108 , 115 , 130 , 152
Redondo Beach,Los Angeles, 206 , 182 , 201 , 197 , 197 , 201 , 204 , 200 , 178 , 210 , 222 , 225 , 221 , 252 , 284 , 304 , 313 , 359 , 356 , 351 , 366 , 383 , 394 , 427 , 466 , 461 , 502
Rolling Hills,Los Angeles, 72 , 74 , 70 , 58 , 67 , 59 , 63 , 43 , 70 , (26), 20 , 31 , 36 , 54 , 145 , 52 , 69 , 89 , 86 , 511 , 65 , 100 , 119 , 91 , 108 , 137 , 112
Rolling Hills Estates,Los Angeles, 155 , 149 , 168 , 169 , 147 , 144 , 137 , 142 , 150 , 151 , 165 , 176 , 189 , 184 , 188 , 211 , 210 , 243 , 199 , 205 , 176 , 191 , 187 , 177 , 167 , 195 , 209
Rosemead,Los Angeles, 78 , 75 , 78 , 81 , 81 , 76 , 76 , 86 , 82 , 92 , 103 , 96 , 95 , 99 , 108 , 78 , 101 , 109 , 116 , 123 , 116 , 119 , 124 , 131 , 135 , 146 , 147
San Dimas,Los Angeles, 91 , 94 , 97 , 97 , 101 , 97 , 94 , 83 , 86 , 87 , 93 , 88 , 93 , 101 , 120 , 121 , 131 , 139 , 140 , 159 , 140 , 149 , 151 , 152 , 157 , 168 , 173
San Fernando,Los Angeles, 135 , 141 , 135 , 144 , 134 , 100 , 132 , 164 , 136 , 165 , 173 , 167 , 184 , 163 , 156 , 181 , 177 , 190 , 184 , 160 , 177 , 180 , 224 , 241 , 267 , 326 , 320
San Gabriel,Los Angeles, 73 , 82 , 93 , 85 , 118 , 87 , 109 , 116 , 116 , 123 , 129 , 127 , 145 , 173 , 176 , 176 , 203 , 212 , 207 , 231 , 240 , 249 , 236 , 240 , 262 , 290 , 318
San Marino,Los Angeles, 86 , 97 , 95 , 74 , 87 , 95 , 113 , 90 , 86 , 80 , 111 , 129 , 122 , 156 , 185 , 391 , 201 , 221 , 204 , 231 , 225 , 226 , 243 , 264 , 191 , 190 , 175
Santa Clarita,Los Angeles, 64 , 65 , 69 , 74 , 75 , 74 , 66 , 63 , 59 , 63 , 62 , 64 , 64 , 60 , 67 , 68 , 77 , 83 , 83 , 89 , 89 , 82 , 83 , 85 , 88 , 100 , 69
Santa Fe Springs,Los Angeles, 319 , 310 , 327 , 353 , 350 , 317 , 335 , 332 , 339 , 342 , 373 , 371 , 368 , 387 , 416 , 447 , 420 , 500 , 483 , 490 , 464 , 523 , 520 , 530 , 540 , 563 , 766
Santa Monica,Los Angeles, 279 , 300 , 306 , 324 , 349 , 346 , 341 , 306 , 262 , 312 , 363 , 532 , 514 , 592 , 645 , 668 , 693 , 708 , 734 , 750 , 737 , 723 , 748 , 809 , 875 , 867 , 944
Sierra Madre,Los Angeles, 103 , 112 , 100 , 97 , 93 , 101 , 95 , 97 , 92 , 99 , 149 , NR , NR , NR , 163 , 221 , 209 , 239 , 242 , 303 , 298 , 273 , 305 , 281 , 309 , 282 , 270
Signal Hill,Los Angeles, 283 , 384 , 380 , 399 , 434 , 453 , 449 , 438 , 446 , 382 , 397 , 437 , 462 , 526 , 533 , 552 , 623 , 622 , 595 , 507 , 605 , 610 , 637 , 640 , 751 , 834 , 821
South El Monte,Los Angeles, 129 , 113 , 117 , 119 , 117 , 118 , 137 , 105 , 115 , 127 , 134 , 126 , 123 , 109 , 117 , 132 , 150 , 156 , 157 , 167 , 158 , 177 , 175 , 185 , 206 , 210 , 237
South Gate,Los Angeles, 111 , 103 , 105 , 107 , 105 , 119 , 121 , 117 , 121 , 99 , 128 , 122 , 106 , 177 , 126 , 166 , 166 , 178 , 153 , 172 , 183 , 184 , 183 , 197 , 209 , 229 , 242
South Pasadena,Los Angeles, 135 , 145 , 154 , 144 , 166 , 157 , 146 , 156 , 156 , 158 , 163 , 166 , 170 , 190 , 188 , 192 , 197 , 221 , 206 , 214 , 196 , 210 , 194 , 228 , 242 , 277 , 280
Temple City,Los Angeles, 62 , 65 , 63 , 63 , 65 , 60 , 60 , 58 , 60 , 61 , 69 , 76 , 74 , 77 , 81 , 86 , 100 , 105 , 102 , 93 , 90 , 101 , 104 , 102 , 113 , 120 , 123
Torrance,Los Angeles, 198 , 209 , 202 , 191 , 199 , 212 , 241 , 228 , 263 , 230 , 269 , 275 , 294 , 316 , 338 , 355 , 378 , 400 , 397 , 413 , 431 , 436 , 450 , 449 , 460 , 493 , 504
Vernon,Los Angeles," 64,073 "," 70,884 "," 66,371 "," 71,304 "," 74,056 "," 77,204 "," 76,592 "," 76,977 "," 74,759 "," 66,745 "," 68,807 "," 75,930 "," 81,783 "," 90,676 "," 90,277 "," 87,008 "," 98,283 "," 105,300 "," 79,922 "," 76,100 "," 90,645 "," 85,502 "," 71,024 "," 74,142 "," 44,828 "," 51,866 "," 49,402 "
Walnut,Los Angeles, 52 , 63 , 62 , 66 , 74 , 67 , 66 , 63 , 68 , 73 , 76 , 78 , 73 , 73 , 69 , 76 , 82 , 85 , 86 , 97 , 93 , 96 , 94 , 98 , 107 , 120 , 121
West Covina,Los Angeles, 88 , 93 , 118 , 122 , 130 , 108 , 138 , 128 , 123 , 150 , 137 , 132 , 132 , 177 , 171 , 187 , 187 , 176 , 187 , 187 , 169 , 184 , 205 , 192 , 231 , 288 , 280
West Hollywood,Los Angeles, 242 , 216 , 218 , 223 , 233 , 232 , 219 , 239 , 249 , 256 , 257 , 268 , 263 , 243 , 254 , 278 , 336 , 360 , 370 , 406 , 366 , 408 , 431 , 436 , 503 , 588 , 605
Westlake Village,Los Angeles, 142 , 154 , 138 , 140 , 138 , 141 , 128 , 136 , 130 , 129 , 153 , 151 , 157 , 154 , 162 , 173 , 194 , 202 , 209 , 230 , 227 , 239 , 245 , 252 , 261 , 278 , 296
Whittier,Los Angeles, 123 , 111 , 113 , 115 , 117 , 112 , 117 , 119 , 90 , 138 , 144 , 152 , 168 , 163 , 197 , 229 , 216 , 221 , 176 , 205 , 203 , 221 , 217 , 224 , 227 , 243 , 234
Chowchilla,Madera, 112 , 107 , 107 , 115 , 116 , 56 , 65 , 69 , 55 , 57 , 69 , 80 , 86 , 74 , 74 , 108 , 115 , 119 , 112 , 107 , 117 , 130 , 131 , 143 , 144 , 135 , 133
Madera,Madera, 84 , 87 , 91 , 105 , 115 , 104 , 86 , 94 , 92 , 81 , 102 , 102 , 100 , 131 , 107 , 126 , 133 , 133 , 136 , 131 , 124 , 134 , 134 , 142 , 154 , 158 , 176
Belvedere,Marin, 215 , 213 , 236 , 215 , 224 , 228 , 208 , 207 , 201 , 40 , 313 , 297 , 339 , 377 , 488 , 467 , 483 , 576 , 612 , 669 , 693 , 733 , 841 , 660 , 610 , 661 , 667
Corte Madera,Marin, 187 , 193 , 184 , 172 , 176 , 190 , 200 , 207 , 206 , 224 , 226 , 245 , 233 , 255 , 295 , 315 , 330 , 219 , 305 , 323 , 320 , 304 , 310 , 305 , 304 , 314 , 327
Fairfax,Marin, 105 , 101 , 100 , 105 , 117 , 145 , 100 , 104 , 160 , 156 , 173 , 234 , 240 , 163 , 258 , NR , NR , NR , NR , 285 , 299 , 299 , 309 , 296 , 312 , 370 , 381
Larkspur,Marin, 145 , 152 , 133 , 139 , 143 , 160 , 162 , 161 , 161 , 171 , 174 , 191 , 188 , 205 , 231 , 250 , 279 , 267 , 261 , 267 , 267 , 259 , 263 , 248 , 256 , 281 , 298
Mill Valley,Marin, 137 , 134 , 144 , 144 , 154 , 153 , 140 , 133 , 150 , 161 , 178 , 185 , 203 , 239 , 237 , 261 , 297 , 313 , 332 , 333 , 308 , 299 , 303 , 302 , 328 , 309 , 301
Novato,Marin, 103 , 102 , 103 , 107 , 111 , 144 , 131 , 131 , 141 , 145 , 156 , 149 , 171 , 198 , 203 , 195 , 222 , 213 , 202 , 212 , 203 , 205 , 208 , 212 , 226 , 243 , 242
Ross,Marin, 267 , 293 , 306 , 268 , 303 , 318 , 325 , 316 , 336 , 292 , 218 , 267 , 330 , 362 , 449 , 500 , 510 , 587 , 635 , 601 , 603 , 619 , 347 , 409 , 659 , 464 , 577
San Anselmo,Marin, 116 , 129 , 88 , 87 , 131 , 135 , 120 , 130 , 145 , 156 , 187 , 203 , 211 , 244 , 262 , 261 , 300 , 274 , 292 , 336 , 351 , 314 , 299 , 294 , 290 , 311 , 313
San Rafael,Marin, 164 , 153 , 125 , 158 , 163 , 161 , 184 , 189 , 221 , 177 , 222 , 232 , 252 , 261 , 285 , 280 , 321 , 327 , 313 , 312 , 292 , 308 , 324 , 340 , 352 , 356 , 347
Sausalito,Marin, 336 , 328 , 309 , 375 , 280 , 269 , 305 , 321 , 78 , 162 , 288 , 328 , 342 , 360 , 345 , (730), 319 , 325 , 412 , 452 , 432 , 441 , 467 , 497 , 491 , 687 , 532
Tiburon,Marin, 148 , 159 , 152 , 145 , 149 , 141 , NR , 124 , 140 , 149 , 142 , 177 , 191 , 207 , 264 , 198 , 214 , 196 , 212 , 284 , 280 , 263 , 291 , 314 , 318 , 294 , 298
Fort Bragg,Mendocino, 253 , 243 , 256 , 242 , 121 , 161 , 226 , 202 , 142 , 203 , 215 , 231 , 240 , 282 , 367 , 382 , 397 , 456 , 390 , 393 , 405 , 394 , 407 , 380 , 453 , 443 , 483
Point Arena,Mendocino, 73 , 75 , 78 , 74 , 75 , 74 , 74 , 80 , 74 , (108), 111 , (141), (120), (118), (0),, 389 , 83 , (57), (54), (85), 102 , 9 , (47), (19), (73), (111)
Ukiah,Mendocino, 86 , 125 , 138 , 140 , 147 , 137 , 151 , 146 , 154 , 150 , 165 , 174 , 167 , 191 , 227 , 256 , 280 , 307 , 307 , 284 , 301 , 340 , 362 , 386 , 478 , 483 , 350
Willits,Mendocino, 181 , 199 , 226 , 232 , 255 , 262 , 244 , 204 , 213 , 241 , 309 , 335 , 320 , 336 , 378 , 363 , 505 , 472 , 426 , 458 , 460 , 466 , 478 , 466 , 413 , 420 , 452
Atwater,Merced, 64 , 65 , 66 , 66 , 77 , 65 , 61 , 60 , 72 , 77 , 88 , 111 , 102 , 103 , 127 , 147 , 181 , 193 , 220 , 226 , 196 , 167 , 117 , 136 , 162 , 194 , 201
Dos Palos,Merced, 121 , 116 , 108 , 116 , 107 , 88 , 98 , 90 , 109 , 59 , 86 , 84 , 93 , 83 , 87 , 119 , 144 , 167 , 131 , 113 , 136 , 130 , 106 , 122 , 114 , 131 , 120
Gustine,Merced, 81 , 94 , 88 , 99 , 98 , 96 , 113 , 109 , 119 , 98 , 124 , 127 , 127 , 163 , NR , 154 , 191 , 221 , 214 , 131 , 125 , 164 , 154 , 182 , 191 , 222 , 200
Livingston,Merced, 109 , 110 , 100 , 109 , 119 , 119 , 100 , 127 , 87 , 115 , 142 , 140 , 147 , 225 , 195 , 196 , 184 , 198 , 197 , 218 , 190 , 193 , 160 , 171 , 195 , 186 , 186
Los Banos,Merced, 102 , 111 , 121 , 106 , 106 , 109 , 114 , 113 , 101 , 85 , 103 , 113 , 118 , 124 , 102 , 137 , 153 , 182 , 143 , 147 , 143 , 137 , 157 , 152 , 153 , 127 , 177
Merced,Merced, 110 , 107 , 110 , 129 , 137 , 131 , 137 , 142 , 135 , 131 , 136 , 151 , 236 , 185 , 203 , 243 , 260 , 255 , 239 , 227 , 202 , 196 , 202 , 205 , 211 , 221 , 215
Alturas,Modoc, 102 , 96 , 104 , 112 , 121 , 133 , 156 , 159 , 156 , 95 , 227 , 172 , 185 , 185 , 250 , 244 , 226 , 249 , 251 , 218 , 232 , 231 , 263 , 316 , 316 , 11 , 235
Mammoth Lakes,Mono, 277 , 293 , 258 , 282 , 286 , 290 , 339 , 341 , 379 , 270 , 344 , 367 , 233 , 406 , 519 , 595 , 629 , 656 , 556 , 527 , 557 , 593 , 628 , 585 , 381 , 414 , 451
Carmel,Monterey, 381 , 342 , 274 , 281 , 307 , 279 , 317 , 332 , 344 , 383 , 356 , 376 , 341 , 444 , 453 , 503 , 583 , 614 , 644 , 716 , 740 , 739 , 769 , 749 , 757 , 875 , 828
Del Rey Oaks,Monterey, 164 , 167 , 22 , 32 , 31 , 219 , 240 , 214 , 87 , (5), 150 , 242 , 241 , 104 , 228 , 191 , 459 , 461 , 500 , 684 , 623 , 662 , 573 , 597 , 591 , 660 , 604
Gonzales,Monterey, 89 , 83 , 79 , 77 , 83 , 89 , 77 , 94 , 96 , 95 , 105 , 106 , 118 , 144 , 177 , 170 , 198 , 206 , 199 , 216 , 237 , 246 , 167 , 257 , 255 , 313 , 303
Greenfield,Monterey, 101 , 91 , 72 , 71 , 67 , 68 , 67 , 70 , 86 , 7 , 97 , 101 , 114 , 101 , 0 , 122 , 123 , 135 , 166 , 175 , 169 , 142 , 165 , 144 , 163 , 194 , 219
King City,Monterey, 125 , 130 , 121 , 118 , 114 , 103 , 109 , 98 , 103 , 107 , 116 , 130 , 128 , 120 , 139 , 137 , 187 , 186 , 188 , 183 , 174 , 180 , 172 , 205 , 162 , 187 , 215
Marina,Monterey, 43 , 90 , 122 , 145 , 150 , 157 , 160 , 171 , 146 , 149 , 116 , 155 , 200 , 233 , 191 , 207 , 251 , 298 , 317 , 336 , 349 , 316 , 345 , 315 , 326 , 297 , 277
Monterey,Monterey, 148 , 160 , 177 , 188 , 195 , 195 , 186 , 192 , 189 , 234 , 238 , 272 , 293 , 302 , 341 , 337 , 378 , 407 , 406 , 414 , 392 , 416 , 436 , 429 , 452 , 459 , 543
Pacific Grove,Monterey, 164 , 162 , 172 , 142 , 145 , 162 , 164 , 152 , 157 , 177 , 206 , 206 , 84 , 190 , 284 , 253 , 302 , 286 , 209 , 246 , 222 , 248 , 258 , 298 , 321 , 371 , 388
Salinas,Monterey, 119 , 133 , 113 , 125 , 121 , 129 , 129 , 129 , 133 , 125 , 132 , 149 , 160 , 188 , 208 , 225 , 248 , 253 , 233 , 229 , 236 , 218 , 232 , 240 , 240 , 250 , 265
Sand City,Monterey," 1,393 "," 2,068 "," 2,145 "," 1,772 "," 2,466 "," 3,065 "," 3,371 "," 3,538 "," 4,155 "," 2,625 "," 3,504 "," 3,481 "," 3,287 "," 4,393 "," 5,078 "," 5,048 "," 5,578 "," 6,205 "," 6,117 "," 5,627 "," 5,685 "," 4,636 "," 5,064 "," 5,217 "," 5,758 "," 9,184 "," 6,692 "
Seaside,Monterey, 83 , 92 , 117 , 136 , 141 , 138 , 140 , 137 , 127 , 133 , 134 , 154 , 181 , 189 , 199 , 224 , 258 , 306 , 295 , 273 , 248 , 222 , 228 , 244 , 247 , 266 , 359
Soledad,Monterey, 54 , 56 , 58 , 55 , 49 , 44 , 38 , 41 , 37 , 35 , 61 , 49 , 51 , 55 , 66 , 82 , 112 , 124 , 128 , 148 , 122 , 96 , 96 , 92 , 117 , 119 , 147
American Canyon,Napa,, 89 , 107 , 104 , 107 , 114 , 49 , 132 , 120 , 103 , 125 , 135 , 148 , 183 , 213 , 244 , 249 , 343 , 286 , 275 , 254 , 266 , 271 , 272 , 297 , 247 , 297
Calistoga,Napa, 155 , 143 , 152 , 160 , 157 , 144 , 190 , 203 , 217 , 160 , 248 , 261 , 280 , 230 , 212 , 250 , 362 , 361 , 366 , 366 , 351 , 320 , 274 , 375 , 403 , 552 , 531
Napa,Napa, 104 , 91 , 93 , 81 , 85 , 102 , 108 , 110 , 111 , 94 , 139 , 152 , 154 , 169 , 175 , 187 , 191 , 192 , 215 , 195 , 200 , 203 , 216 , 228 , 251 , 266 , 283
Saint Helena,Napa, 183 , 139 , 185 , 186 , 179 , 164 , 167 , 157 , 173 , 143 , 235 , 231 , 253 , 342 , 372 , 368 , 365 , 357 , 371 , 384 , 400 , 417 , 415 , 449 , 396 , 424 , 457
Yountville,Napa, 28 , 39 , 39 , 38 , 39 , 54 , 51 , 43 , 59 , 26 , 64 , 74 , 87 , 106 , 125 , 119 , 137 , 156 , 186 , 229 , 245 , 247 , 254 , 243 , 251 , 258 , 271
Grass Valley,Nevada, 198 , 191 , 185 , 185 , 97 , 204 , 188 , 169 , 192 , 128 , 121 , 177 , 237 , 250 , 276 , 291 , 323 , 321 , 296 , 285 , 294 , 262 , 282 , 298 , 319 , 335 , 345
Nevada City,Nevada, 225 , 253 , 255 , 250 , 275 , 283 , 276 , 254 , 265 , 248 , 287 , 333 , 336 , 339 , 357 , 383 , 320 , 471 , 330 , 313 , 346 , 357 , 365 , 347 , 365 , 416 , 487
Truckee,Nevada,,, 166 , 154 , 145 , 152 , 151 , 159 , 166 , 158 , 185 , 207 , 231 , 224 , 247 , 280 , 306 , 294 , 294 , 304 , 311 , 303 , 301 , 308 , 319 , 304 , 324
Aliso Viejo,Orange,,,,,,,,,,,, 87 , 86 , 97 , 107 , 108 , 121 , 126 , 124 , 119 , 119 , 117 , 125 , 130 , 135 , 143 , 149
Anaheim,Orange, 152 , 159 , 77 , 156 , 164 , 159 , 168 , 168 , 161 , 172 , 174 , 185 , 187 , 196 , 247 , 253 , 261 , 280 , 279 , 272 , 272 , 271 , 293 , 313 , 339 , 357 , 376
Brea,Orange, 131 , 137 , 137 , 156 , 164 , 166 , 141 , 135 , 148 , 82 , 150 , 125 , 126 , 162 , 220 , 269 , 252 , 280 , 298 , 308 , 321 , 390 , 443 , 426 , 408 , 488 , 487
Buena Park,Orange, 133 , 143 , 139 , 125 , 126 , 130 , 131 , 136 , 142 , 148 , 152 , 168 , 182 , 199 , 211 , 220 , 228 , 243 , 204 , 225 , 226 , 230 , 192 , 205 , 249 , 254 , 275
Costa Mesa,Orange, 194 , 171 , 160 , 187 , 187 , 200 , 186 , 197 , 198 , 193 , 224 , 197 , 242 , 244 , 284 , 301 , 324 , 331 , 292 , 287 , 267 , 274 , 280 , 298 , 313 , 334 , 360
Cypress,Orange, 139 , 147 , 140 , 136 , 139 , 140 , 143 , 143 , 149 , 160 , 175 , 196 , 207 , 216 , 215 , 233 , 260 , 255 , 247 , 257 , 240 , 248 , 261 , 254 , 262 , 277 , 297
Dana Point,Orange, 110 , 106 , 105 , 109 , 113 , 118 , 122 , 116 , 119 , 127 , 133 , 152 , 164 , 168 , 185 , 194 , 213 , 225 , 238 , 268 , 272 , 280 , 281 , 305 , 309 , 336 , 360
Fountain Valley,Orange, 136 , 139 , 135 , 134 , 135 , 128 , 150 , 149 , 146 , 155 , 146 , 155 , 156 , 174 , 190 , 200 , 214 , 225 , 211 , 214 , 213 , 220 , 232 , 242 , 263 , 258 , 284
Fullerton,Orange, 137 , 143 , 135 , 133 , 133 , 115 , 138 , 81 , 133 , 145 , 155 , 164 , 153 , 191 , 202 , 217 , 229 , 249 , 231 , 226 , 236 , 229 , 236 , 243 , 276 , 290 , 278
Garden Grove,Orange, 121 , 127 , 120 , 123 , 129 , 107 , 126 , 122 , 125 , 151 , 145 , 150 , 147 , 165 , 179 , 205 , 225 , 232 , 229 , 240 , 248 , 242 , 256 , 266 , 238 , 276 , 292
Huntington Beach,Orange, 175 , 182 , 226 , 177 , 173 , 150 , 151 , 152 , 177 , 187 , 175 , 178 , 185 , 183 , 199 , 235 , 247 , 256 , 305 , 275 , 302 , 344 , 326 , 346 , 398 , 367 , 300
Irvine,Orange, 148 , 157 , 163 , 181 , 147 , 163 , 158 , 161 , 197 , 206 , 210 , 199 , 204 , 209 , 221 , 225 , 238 , 259 , 250 , 228 , 223 , 230 , 232 , 237 , 247 , 250 , 265
La Habra,Orange, 126 , 127 , 137 , 139 , 146 , 125 , 133 , 148 , 140 , 140 , 156 , 154 , 164 , 177 , 183 , 190 , 195 , NR , NR , 213 , 204 , 231 , 237 , 240 , 253 , 255 , 259
La Palma,Orange, 170 , 177 , 179 , 175 , 181 , 181 , 184 , 193 , 201 , 213 , 229 , 236 , 250 , 273 , 285 , 289 , 303 , 340 , 306 , 326 , 320 , 332 , 295 , 310 , 263 , 284 , 258
Laguna Beach,Orange, 211 , 217 , 214 , 211 , 221 , 219 , 219 , 206 , 202 , 236 , 244 , 257 , 275 , 307 , 326 , 328 , 393 , 430 , 423 , 445 , 485 , 489 , 505 , 532 , 642 , 675 , 681
Laguna Hills,Orange,, 106 , 108 , 112 , 115 , 115 , 115 , 113 , 121 , 115 , 119 , 140 , 132 , 144 , 147 , 159 , 173 , 170 , 174 , 195 , 226 , 220 , 206 , 211 , 197 , 227 , 229
Laguna Niguel,Orange, 67 , 53 , 65 , 74 , 73 , 72 , 72 , 73 , 77 , 77 , 79 , 91 , 100 , 102 , 108 , 115 , 129 , 129 , 135 , 145 , 140 , 146 , 148 , 158 , 169 , 180 , 207
Laguna Woods,Orange,,,,,,,,, 40 , 32 , 33 , 28 , 36 , 43 , 30 , 51 , 43 , 48 , 39 , 53 , 60 , 60 , 70 , 84 , 145 , 147 , 146
Lake Forest,Orange, (0), 56 , 62 , 72 , 76 , 79 , 76 , 85 , 98 , 80 , 79 , 99 , 108 , 112 , 126 , 124 , 148 , 154 , 155 , 157 , 154 , 161 , 161 , 176 , 170 , 189 , 201
Los Alamitos,Orange, 206 , 199 , 202 , 194 , 206 , 224 , 217 , 226 , 211 , 215 , 248 , 263 , 291 , 305 , 300 , 298 , 341 , 372 , 307 , 279 , 264 , 310 , 351 , 343 , 354 , 352 , 348
Mission Viejo,Orange, 66 , 58 , 58 , 68 , 72 , 71 , 69 , 70 , 71 , 77 , 73 , 89 , 100 , 108 , 116 , 120 , 136 , 116 , 121 , 160 , 158 , 161 , 161 , 171 , 175 , 190 , 189
Newport Beach,Orange, 262 , 278 , 225 , 227 , 236 , 239 , 265 , 267 , 265 , 309 , 238 , 246 , 259 , 346 , 329 , 430 , 557 , 462 , 425 , 404 , 389 , 428 , 463 , 542 , 570 , 519 , 572
Orange,Orange, 143 , 141 , 136 , 132 , 138 , 114 , 137 , 136 , 136 , 138 , 149 , 144 , 173 , 181 , 193 , 209 , 227 , 227 , 220 , 223 , 228 , 232 , 232 , 249 , 260 , 262 , 281
Placentia,Orange, 130 , 131 , 127 , 110 , 119 , 116 , 119 , 120 , 127 , 139 , 168 , 155 , 166 , 163 , 178 , 200 , 212 , 189 , 161 , 168 , 178 , 185 , 186 , 170 , 178 , 204 , 231
Rancho Santa Margarita,Orange,,,,,,,,,, 15 , 18 , 89 , 101 , 108 , 113 , 120 , 145 , 153 , 147 , 147 , 147 , 148 , 150 , 157 , 143 , 174 , 181
San Clemente,Orange, 112 , 152 , 121 , 124 , 123 , 124 , 116 , 126 , 131 , 122 , 109 , 121 , 125 , 122 , 132 , 136 , 156 , 158 , 167 , 162 , 169 , 175 , 181 , 190 , 179 , 209 , 216
San Juan Capistrano,Orange, 82 , 77 , 84 , 90 , 99 , 96 , 101 , 89 , 95 , 90 , 94 , 116 , 123 , 126 , 141 , 148 , 170 , 168 , 144 , 158 , 160 , 179 , 182 , 193 , 208 , 212 , 231
Santa Ana,Orange, 150 , 173 , (146), 137 , 101 , 134 , 146 , 137 , 143 , 145 , 161 , 162 , 168 , 180 , 192 , 214 , 236 , 250 , 221 , 265 , 279 , 215 , 138 , 239 , 277 , 303 , 295
Seal Beach,Orange, 154 , 150 , 155 , 161 , 134 , 126 , 143 , 120 , 117 , 147 , 161 , 165 , 177 , 194 , 210 , 257 , 317 , 250 , 252 , 267 , 270 , 275 , 313 , 298 , 298 , 330 , 335
Stanton,Orange, 129 , 119 , 123 , 136 , 141 , 137 , 132 , 137 , 130 , 131 , 122 , 137 , 150 , 153 , 166 , 183 , 206 , 200 , 208 , 215 , 212 , 177 , 189 , 209 , 228 , 253 , 260
Tustin,Orange, 159 , 137 , 158 , 161 , 160 , 136 , 176 , 164 , 171 , 185 , 188 , 195 , 210 , 229 , 253 , 276 , 291 , 280 , 252 , 264 , 277 , 259 , 262 , 255 , 240 , 264 , 276
Villa Park,Orange, 83 , 79 , 74 , 78 , 83 , 79 , 80 , 79 , 81 , 70 , 92 , 108 , 111 , 111 , 147 , 128 , 167 , 152 , 159 , 180 , 183 , 181 , 186 , 197 , 204 , 211 , 229
Westminster,Orange, 150 , 146 , 145 , 153 , 166 , 169 , 176 , 174 , 188 , 180 , 180 , 191 , 194 , 216 , 225 , 243 , 254 , 258 , 247 , 243 , 245 , 237 , 243 , 254 , 262 , 256 , 285
Yorba Linda,Orange, 87 , 94 , 99 , 100 , 98 , 94 , 95 , 90 , 86 , 98 , 97 , 97 , 104 , 121 , 130 , 135 , 148 , 163 , 161 , 170 , 171 , 153 , 136 , 138 , 146 , 151 , 146
Auburn,Placer, 145 , 152 , 155 , 133 , 150 , 147 , 168 , 164 , 178 , 153 , 182 , 194 , 197 , 198 , 231 , 249 , 255 , 247 , 192 , 208 , 209 , 197 , 210 , 188 , 240 , 271 , 263
Colfax,Placer, 225 , 189 , 186 , 223 , 223 , 144 , 199 , 193 , 212 , 96 , 196 , 215 , 245 , 258 , 278 , 268 , 282 , 231 , 228 , 228 , 242 , 230 , 242 , 237 , 234 , 238 , 241
Lincoln,Placer, 166 , 154 , 142 , 132 , 124 , 110 , 111 , 128 , 127 , 127 , 98 , 94 , 82 , 96 , 120 , 122 , 176 , 187 , 131 , 122 , 106 , 88 , 93 , 100 , 83 , 101 , 108
Loomis,Placer, 89 , 82 , 62 , 86 , 88 , 90 , 87 , 87 , 87 , 97 , 101 , 119 , 126 , 143 , 146 , 169 , 179 , 185 , 191 , 193 , 192 , 197 , 203 , 203 , 202 , 203 , 206
Rocklin,Placer, 102 , 101 , 105 , 110 , 116 , 89 , 117 , 125 , 117 , 102 , 109 , 123 , 115 , 140 , 180 , 216 , 214 , 210 , 183 , 171 , 168 , 167 , 170 , 175 , 184 , 183 , 187
Roseville,Placer, 124 , 123 , 124 , 132 , 132 , 130 , 134 , 139 , 140 , 140 , 145 , 160 , 167 , 185 , 209 , 238 , 249 , 239 , 220 , 205 , 215 , 209 , 226 , 225 , 245 , 239 , 262
Portola,Plumas, 21 , 22 , NR , NR , NR , 27 , 27 , 28 , 27 , 26 , (62), 50 , 13 , 24 , 26 , 30 , 36 , 20 , 24 , 19 , 18 , 38 , (11), (11), (21), 1 , 1
Banning,Riverside, 133 , 106 , 122 , 126 , 123 , 110 , 120 , 114 , 126 , 119 , 120 , 136 , 133 , 180 , 204 , 267 , 223 , 230 , 199 , 192 , 202 , 154 , 181 , 169 , 197 , 208 , 197
Beaumont,Riverside, 182 , 161 , 157 , 155 , 163 , 164 , 162 , 161 , 157 , 150 , 172 , 177 , 192 , 208 , NR , NR , 308 , 323 , 328 , 283 , 240 , 276 , 281 , 230 , 187 , 176 , 174
Blythe,Riverside, 123 , 126 , 125 , 117 , 111 , 117 , 131 , 132 , 128 , 115 , 125 , 143 , 131 , 166 , 184 , 188 , 224 , 213 , 188 , 190 , 191 , 209 , 226 , 211 , 190 , 186 , 185
Calimesa,Riverside, 66 , 85 , 101 , 101 , 93 , 86 , 92 , 89 , 90 , 99 , 109 , 45 , 92 , 145 , 165 , 184 , 184 , 159 , 167 , 142 , 155 , 163 , 165 , 166 , 180 , 212 , 183
Canyon Lake,Riverside, 54 , 54 , 54 , 55 , 58 , 51 , 66 , 61 , 62 , 65 , 75 , 81 , 86 , 108 , 114 , 119 , 133 , 121 , 130 , 145 , 120 , 119 , 116 , 129 , 141 , 146 , 162
Cathedral City,Riverside, 100 , 135 , 91 , 132 , 147 , 138 , 136 , 120 , 127 , 131 , 119 , 152 , 140 , 158 , 183 , 187 , 203 , 217 , 162 , 223 , 240 , 178 , 184 , 197 , 203 , 214 , 249
Coachella,Riverside, 76 , 76 , 64 , 100 , 91 , 100 , 88 , 96 , 89 , 92 , 112 , 99 , 110 , 109 , 93 , 66 , 160 , 148 , 117 , 117 , 110 , 124 , 143 , 159 , 152 , 160 , 103
Corona,Riverside, 159 , 146 , 138 , 144 , 155 , 151 , 140 , 127 , 121 , 140 , 157 , 167 , 190 , 198 , 202 , 223 , 246 , 240 , 253 , 228 , 231 , 216 , 223 , 223 , 237 , 263 , 268
Desert Hot Springs,Riverside, 113 , 108 , 103 , 114 , 113 , 117 , 113 , 66 , 81 , 53 , 80 , 110 , 109 , 120 , 204 , 145 , 138 , 149 , 216 , 232 , 227 , 189 , 157 , 81 , 102 , 109 , 109
Eastvale,Riverside,,,,,,,,,,,,,,,,,,,, 64 , 78 , 84 , 98 , 104 , 112 , 124 , 128
Hemet,Riverside, 107 , 100 , 103 , 120 , 119 , 111 , 110 , 112 , 105 , 124 , 144 , 160 , 159 , 195 , 220 , 245 , 218 , 207 , 177 , 166 , 158 , 162 , 187 , 198 , 202 , 223 , 265
Indian Wells,Riverside, 294 , 288 , 274 , 321 , 274 , 277 , 344 , 330 , 395 , 418 , 388 , 445 , 532 , 412 , 430 , 465 , 533 , 606 , 608 , 645 , 608 , 591 , 612 , 634 , 693 , 662 , 665
Indio,Riverside, 134 , 114 , 105 , 104 , 116 , 117 , 129 , 115 , 92 , 92 , 107 , 107 , 133 , 137 , 135 , 154 , 205 , 214 , 170 , 190 , 200 , 180 , 175 , 202 , 215 , 195 , 234
Jurupa Valley,Riverside,,,,,,,,,,,,,,,,,,,,,, 62 , 135 , 137 , 166 , 156 , 160
La Quinta,Riverside, 88 , 105 , 101 , 118 , 125 , 126 , 125 , 127 , 127 , 130 , 126 , 132 , 149 , 154 , 160 , 191 , 206 , 250 , 263 , 309 , 300 , 359 , 343 , 352 , 353 , 334 , 338
Lake Elsinore,Riverside, 109 , 120 , 118 , 108 , 99 , 112 , 105 , 108 , 108 , 87 , 114 , 110 , 123 , 143 , 139 , 155 , 191 , 178 , 137 , 112 , 101 , 124 , 82 , 125 , 123 , 175 , 186
Menifee,Riverside,,,,,,,,,,,,,,,,,, 44 , 111 , 111 , 101 , 102 , 108 , 117 , 128 , 132 , 151
Moreno Valley,Riverside, 76 , 75 , 78 , 97 , 89 , 86 , 95 , 97 , 103 , 95 , 115 , 123 , 129 , 136 , 129 , 158 , 179 , 197 , 193 , 183 , 189 , 197 , 170 , 183 , 180 , 185 , 189
Murrieta,Riverside, 20 , 61 , 59 , 63 , 83 , 86 , 92 , 106 , 104 , (41), 108 , 129 , 120 , 127 , 144 , 156 , 194 , 195 , 212 , 199 , 195 , 203 , 195 , 188 , 196 , 196 , 196
Norco,Riverside, 72 , 67 , 55 , 74 , 70 , 74 , 80 , 70 , 88 , 81 , 126 , 124 , 138 , 163 , 175 , 176 , 188 , 212 , 166 , 147 , 137 , 143 , 147 , 160 , 174 , 183 , 191
Palm Desert,Riverside, 130 , 130 , 136 , 153 , 150 , 149 , 191 , 184 , 202 , 198 , 212 , 212 , 226 , 216 , 218 , 235 , 248 , 274 , 280 , 312 , 322 , 329 , 334 , 359 , 382 , 381 , 385
Palm Springs,Riverside, 252 , 246 , 229 , 221 , 223 , 242 , 253 , 264 , 266 , 249 , 294 , 282 , 334 , 344 , 347 , 375 , 400 , 363 , 383 , 342 , 285 , 396 , 415 , 434 , 444 , 433 , 511
Perris,Riverside, 111 , 123 , 135 , 144 , 152 , 138 , 120 , 91 , 88 , 100 , 109 , 121 , 139 , 145 , 523 , 69 , 183 , 181 , 188 , 138 , 135 , 140 , 123 , 137 , 147 , 153 , 161
Rancho Mirage,Riverside, 134 , 167 , 166 , 194 , 208 , 210 , 243 , 236 , 243 , 209 , 198 , 199 , 215 , 190 , 258 , 177 , 185 , 314 , 326 , 317 , 310 , 136 , 184 , 363 , 394 , 167 , 414
Riverside,Riverside, 143 , 142 , 136 , 154 , 156 , 155 , 147 , 150 , 154 , 163 , 183 , 197 , 205 , 219 , 222 , 252 , 247 , 247 , 209 , 227 , 236 , 219 , 244 , 248 , 274 , 268 , 283
San Jacinto,Riverside, 89 , 88 , 86 , 92 , 66 , 69 , 71 , 76 , 88 , 104 , 113 , 130 , 144 , 112 , 124 , 153 , 176 , 195 , 201 , 156 , 160 , 142 , 196 , 160 , 135 , 146 , 156
Temecula,Riverside, 115 , 111 , 100 , 97 , 93 , 94 , 101 , 97 , 99 , 96 , 103 , 119 , 136 , 139 , 155 , 161 , 170 , 177 , 178 , 193 , 191 , 196 , 199 , 205 , 215 , 226 , 262
Wildomar,Riverside,,,,,,,,,,,,,,,,,,, 74 , 106 , 63 , 65 , 59 , 62 , 66 , 71 , 78
Citrus Heights,Sacramento,,,,,,, 97 , 85 , 88 , 113 , 122 , 134 , 144 , 146 , 173 , 158 , 169 , 162 , 177 , 185 , 194 , 188 , 208 , 200 , 207 , 218 , 207
Elk Grove,Sacramento,,,,,,,,,, 102 , 75 , 98 , (9), 91 , 176 , 175 , 180 , 176 , 160 , 152 , 171 , 164 , 176 , 169 , 175 , 178 , 180
Folsom,Sacramento, 99 , 98 , 97 , 96 , 96 , 104 , 108 , 126 , 128 , 144 , 155 , 165 , 208 , 246 , 227 , 248 , 282 , 274 , 275 , 244 , 245 , 248 , 249 , 250 , 256 , 290 , 291
Galt,Sacramento, 140 , 134 , 135 , 124 , 121 , 109 , 112 , 121 , 105 , 85 , (223), 118 , 106 , 136 , 144 , 152 , 201 , 200 , 177 , 149 , 185 , 198 , 199 , 279 , 278 , 290 , 202
Isleton,Sacramento, 195 , 105 , 139 , 109 , 135 , 100 , NR , NR , NR , 325 , 225 , (58), 308 , 380 , 482 , 402 , 237 , 408 , 293 , 195 , 325 , 234 , (15), 27 , 117 , 92 , 111
Rancho Cordova,Sacramento,,,,,,,,,, NR , NR ,,, 216 , 226 , 203 , 221 , 226 , 203 , 192 , 200 , 198 , 198 , 175 , 219 , 220 , 223
Sacramento,Sacramento, 178 , 187 , 171 , 178 , 159 , 176 , 83 , (23), 84 , 134 , 164 , 198 , 139 , 214 , 226 , 207 , 262 , 253 , 243 , 232 , 242 , 207 , 232 , 254 , 148 , 276 , 307
Hollister,San Benito, 86 , 90 , 73 , 91 , 87 , 84 , 71 , 77 , 108 , NR , NR , NR , 121 , 123 , 121 , 124 , 134 , 136 , 131 , 131 , 141 , 125 , 130 , 143 , 140 , 147 , 164
San Juan Bautista,San Benito, 115 , 32 , 11 , 39 , 20 , 45 , 38 , 50 , 54 , (32), 26 , 49 , 70 , 61 , 59 , 66 , 65 , 23 , 17 , 27 , 35 , 36 , 41 , 116 , 103 , 5 , 27
Adelanto,San Bernardino, 178 , 149 , 122 , 84 , 92 , 106 , 116 , 92 , NR , 92 , 121 , NR , 25 , 9 , 78 , NR , 164 , 175 , 156 , 133 , 147 , 149 , 138 , 125 , 153 , 156 , 163
Apple Valley,San Bernardino, 70 , 68 , 67 , 80 , 85 , 80 , 80 , 77 , 72 , 89 , 88 , 87 , 88 , 93 , 103 , 118 , 131 , 139 , 131 , 128 , 150 , 149 , 155 , 161 , 165 , 177 , 194
Barstow,San Bernardino, 147 , 155 , 158 , 180 , 168 , 190 , 219 , 240 , 252 , 271 , 181 , 193 , 198 , 200 , 236 , 266 , 288 , 296 , 455 , 346 , 386 , 319 , 336 , 335 , 343 , 366 , 359
Big Bear Lake,San Bernardino, 232 , 238 , 183 , 201 , 212 , 226 , 216 , 203 , 215 , 221 , 230 , 224 , 247 , 254 , 283 , 307 , 340 , 326 , 291 , 456 , 497 , 485 , 493 , 517 , 553 , 632 , 680
Chino,San Bernardino, 165 , 162 , 160 , 168 , 166 , 163 , 159 , 167 , 173 , 192 , 199 , 230 , 261 , 278 , 313 , 291 , 286 , 288 , 258 , 309 , 322 , 310 , 311 , 326 , 364 , 363 , 388
Chino Hills,San Bernardino, 2 , 61 , 55 , 55 , 56 , 55 , 53 , 56 , 53 , 49 , 50 , 52 , 56 , 64 , 57 , 108 , 104 , 126 , 128 , 144 , 122 , 126 , 135 , 140 , 150 , 157 , 145
Colton,San Bernardino, 142 , 150 , 143 , 143 , 132 , 137 , 124 , 108 , 116 , 104 , 128 , 140 , 96 , 187 , 202 , 229 , 278 , 317 , 266 , 178 , 168 , 179 , 188 , 244 , 253 , 255 , 266
Fontana,San Bernardino, 121 , 146 , 26 , 133 , 146 , 130 , 130 , 122 , 110 , 117 , 123 , 120 , 132 , 152 , 189 , 177 , 197 , 222 , 225 , 196 , 184 , 144 , 188 , 197 , 203 , 221 , 254
Grand Terrace,San Bernardino, 76 , 77 , 68 , 75 , 83 , 86 , 91 , 79 , 71 , 67 , 88 , 83 , 98 , 117 , 120 , 143 , 157 , 161 , 148 , 170 , 142 , 134 , 115 , 121 , 146 , 152 , 158
Hesperia,San Bernardino, 72 , 60 , 64 , 65 , 75 , 68 , 80 , 78 , 77 , 82 , 82 , 85 , 86 , 91 , 103 , 112 , 132 , 140 , 137 , 126 , 118 , 128 , 148 , 156 , 165 , 162 , 163
Highland,San Bernardino, 55 , 60 , 61 , 67 , 69 , 69 , 69 , 70 , 63 , 68 , 72 , 70 , 75 , 76 , 102 , 104 , 106 , 105 , 100 , 111 , 109 , 120 , 125 , 135 , 144 , 159 , 164
Loma Linda,San Bernardino, 67 , 54 , 9 , 50 , 51 , 63 , 76 , 73 , 63 , 70 , 76 , 66 , 79 , 84 , 74 , 68 , 87 , 101 , 110 , 117 , 120 , 116 , 118 , 132 , 142 , 150 , 155
Montclair,San Bernardino, 168 , 207 , 198 , 194 , 209 , 191 , 181 , 171 , 152 , 165 , 197 , 178 , 192 , 186 , (556), 239 , 229 , 264 , 238 , 246 , 176 , 198 , 195 , 206 , 218 , 211 , 219
Needles,San Bernardino, 234 , 248 , 235 , NR , NR , 244 , 239 , 238 , 310 , 234 , NR , 266 , 280 , 249 , 236 , 292 , 306 , 278 , 257 , 344 , 363 , 366 , 375 , 383 , 402 , 472 , 473
Ontario,San Bernardino, 128 , 143 , 155 , 149 , 169 , 166 , 196 , 191 , 196 , 182 , 210 , 205 , 220 , 245 , 270 , 282 , 300 , 327 , 328 , 336 , 350 , 346 , 343 , 357 , 391 , 468 , 548
Rancho Cucamonga,San Bernardino, 80 , 78 , 83 , 89 , 88 , 91 , 94 , 88 , 81 , 89 , 90 , 90 , 93 , 104 , 129 , 142 , 153 , 142 , 140 , 153 , 145 , 161 , 165 , 172 , 182 , 192 , 203
Redlands,San Bernardino, 113 , 106 , 107 , 104 , 116 , 111 , 125 , 124 , 124 , 143 , 166 , 188 , 186 , 237 , 266 , 264 , 279 , 268 , 256 , 261 , 261 , 273 , 276 , 284 , 307 , 323 , 338
Rialto,San Bernardino, 97 , 118 , 123 , 119 , 122 , 134 , 139 , 198 , 48 , 101 , 105 , 108 , 145 , 163 , 167 , 187 , 210 , 208 , 202 , 226 , 219 , 214 , 218 , 219 , 226 , 268 , 272
San Bernardino,San Bernardino, 140 , 154 , 152 , 159 , 184 , 165 , 166 , 161 , 147 , 175 , 180 , 200 , 206 , 215 , 234 , 238 , 271 , 259 , 241 , 267 , 280 , 257 , 239 , 219 , 244 , 254 , 311
Twentynine Palms,San Bernardino, 90 , 95 , 84 , 89 , 88 , 93 , 92 , 89 , 91 , 51 , 62 , 61 , 61 , 65 , 70 , 91 , 78 , 79 , 81 , 110 , 113 , 114 , 110 , 123 , 128 , 121 , 138
Upland,San Bernardino, 123 , 124 , 132 , 117 , 117 , 116 , 110 , 109 , 97 , 86 , 91 , 104 , 117 , 135 , 138 , 149 , 171 , 180 , 188 , 182 , 193 , 202 , 184 , 178 , 203 , 203 , 224
Victorville,San Bernardino, 108 , 98 , 89 , 90 , 98 , 93 , 98 , NR , NR , 114 , 136 , 127 , 129 , 127 , 144 , 140 , 164 , 163 , 147 , 140 , 136 , 139 , 154 , 158 , 170 , 179 , 189
Yucaipa,San Bernardino, 64 , 62 , 60 , 62 , 66 , 66 , 64 , 68 , 63 , 67 , 74 , 70 , 72 , 78 , 82 , 90 , 103 , 105 , 111 , 112 , 116 , 136 , 159 , 136 , 135 , 139 , 161
Yucca Valley,San Bernardino, 0 , 77 , 81 , 91 , 103 , 104 , 91 , 87 , 87 , 122 , 100 , 100 , 97 , 112 , 113 , 127 , 156 , 147 , 141 , 154 , 155 , 160 , 172 , 183 , 180 , 195 , 205
Carlsbad,San Diego, 105 , 115 , 118 , 122 , 133 , 109 , 129 , 130 , 135 , 138 , 143 , 143 , 170 , 190 , 199 , 213 , 224 , 236 , 233 , 237 , 234 , 231 , 241 , 248 , 257 , 275 , 285
Chula Vista,San Diego, 104 , 99 , 110 , 101 , 100 , 82 , 74 , 88 , 96 , 87 , (201), 106 , 106 , 134 , 133 , 165 , 159 , 159 , 142 , 136 , 129 , 132 , 140 , 139 , 164 , 172 , 157
Coronado,San Diego, 145 , 176 , 153 , 136 , 148 , 142 , 143 , 162 , 127 , 220 , 152 , 159 , 202 , 235 , 243 , 323 , 373 , 428 , 378 , 575 , 235 , 330 , 255 , 285 , 288 , 427 , 405
Del Mar,San Diego, 60 , 58 , 45 , 27 , 44 , 65 , 69 , 121 , 105 , 110 , 128 , 89 , 113 , 149 , 137 , 302 , 315 , 343 , 341 , 509 , 533 , 563 , 578 , 578 , 590 , 597 , 670
El Cajon,San Diego, 128 , 135 , 126 , 115 , 121 , 109 , 123 , 141 , 140 , 164 , 184 , 179 , 222 , 232 , 159 , 176 , 290 , (12), 178 , 164 , 154 , 141 , 144 , 180 , 243 , 270 , 281
Encinitas,San Diego, 78 , 78 , 79 , 78 , 86 , 88 , 94 , 85 , 81 , 103 , 112 , 121 , 126 , 134 , 145 , 148 , 156 , 163 , 157 , 170 , 177 , 170 , 185 , 187 , 193 , 201 , 213
Escondido,San Diego, 106 , 112 , 112 , 122 , 120 , 114 , 130 , 135 , 142 , 146 , 159 , 162 , 170 , 200 , 212 , (391), 224 , 227 , 220 , 209 , 213 , 207 , 218 , 230 , 248 , 249 , 261
Imperial Beach,San Diego, 75 , 68 , 66 , 64 , 66 , 70 , 71 , 80 , 87 , 19 , 26 , 46 , 62 , 87 , 96 , 79 , 76 , 164 , 178 , 249 , 193 , 201 , 209 , 213 , 205 , 217 , 210
La Mesa,San Diego, 99 , 97 , 108 , 104 , 108 , 103 , 105 , 111 , 108 , 134 , 139 , 152 , 154 , (59), 156 , 175 , 70 , 183 , 184 , 193 , 231 , 226 , 231 , 238 , 240 , 268 , 266
Lemon Grove,San Diego, 76 , 76 , 76 , 80 , 85 , 93 , 95 , 103 , 109 , 103 , 111 , 125 , 142 , 152 , 155 , 160 , 171 , 169 , 151 , 152 , 159 , 169 , 180 , 170 , 178 , 207 , 200
National City,San Diego, 133 , 144 , 102 , 124 , 119 , 124 , 146 , 138 , 153 , 162 , 175 , 171 , 200 , 191 , 253 , 256 , 314 , 313 , 310 , 297 , 314 , 272 , 274 , 277 , 321 , 344 , 368
Oceanside,San Diego, 116 , 127 , 118 , 126 , 141 , 139 , 113 , 113 , 116 , 109 , 119 , 153 , 124 , 86 , 51 , 216 , 234 , 245 , 252 , 247 , 232 , 241 , 255 , 258 , 287 , 292 , 296
Poway,San Diego, 67 , 73 , 75 , 79 , 82 , (5), 88 , 85 , 95 , 97 , 85 , 109 , 111 , 145 , 144 , 148 , 156 , 152 , 164 , 178 , 197 , 190 , 199 , 204 , 215 , 228 , 227
San Diego,San Diego, 133 , 141 , 145 , 139 , 156 , 159 , 147 , 153 , 161 , 174 , 183 , 174 , 195 , 218 , NR , 239 , 252 , 261 , NR , 263 , 269 , 265 , 283 , 283 , 282 , 271 , 309
San Marcos,San Diego, 80 , 98 , 106 , 100 , 106 , 101 , 107 , 108 , (27), 115 , 110 , 110 , 128 , 127 , 140 , 226 , 152 , 159 , 145 , 142 , 145 , 144 , 141 , 142 , 145 , 150 , 159
Santee,San Diego, 75 , 85 , 90 , 93 , 101 , 107 , 105 , 107 , 117 , 127 , 139 , 147 , 150 , 174 , 184 , 190 , 201 , 209 , 193 , 207 , 193 , 207 , 210 , 214 , 221 , 233 , 244
Solana Beach,San Diego, 94 , 93 , 106 , 104 , 102 , 108 , 112 , 109 , 116 , 116 , 138 , 129 , 148 , 155 , 240 , 201 , 212 , 222 , 238 , 233 , 234 , 242 , 256 , 254 , 261 , 272 , 285
Vista,San Diego, 58 , 64 , 85 , 73 , 79 , 83 , 87 , 99 , 94 , 90 , 104 , 106 , 116 , 107 , 130 , 132 , 154 , 163 , 157 , 156 , 160 , 164 , 171 , 185 , 185 , 204 , 200
San Francisco,San Francisco, 243 , 229 , 73 , 223 , 219 , 220 , 249 , 213 , 222 , 223 , 198 , 233 , 204 , 195 , 205 , 207 , 254 , 271 , 329 , 324 , 319 , 322 , 349 , 367 , 401 , 563 , 583
Escalon,San Joaquin, 118 , 116 , 110 , 97 , 90 , 91 , 49 , 92 , 84 , 58 , 76 , 147 , 144 , 180 , 187 , 180 , 258 , 256 , 244 , 219 , 230 , 216 , 177 , 217 , 234 , 237 , 247
Lathrop,San Joaquin, 94 , 127 , 133 , 138 , 133 , 140 , 134 , 171 , 189 , 134 , 142 , 154 , 131 , 167 , 172 , 179 , 189 , 206 , 222 , 162 , 193 , 207 , 188 , 199 , 185 , 182 , 173
Lodi,San Joaquin, 119 , 122 , 127 , 126 , 113 , 105 , 108 , 110 , 115 , 118 , 57 , 122 , 131 , 117 , 196 , 194 , 212 , 221 , 214 , 213 , 221 , 228 , 236 , 228 , 241 , 258 , 261
Manteca,San Joaquin, 102 , 99 , 97 , 98 , 102 , 101 , 98 , 95 , 96 , 99 , 107 , 129 , 132 , 153 , 106 , 124 , 129 , 168 , 171 , 162 , 143 , 183 , 176 , 183 , 198 , 195 , 201
Ripon,San Joaquin, 100 , 110 , 117 , 124 , 125 , 116 , 120 , 129 , 133 , 136 , 153 , 169 , 210 , 229 , 244 , 279 , 291 , 296 , 293 , 266 , 267 , 271 , 265 , 239 , 294 , 329 , 271
Stockton,San Joaquin, 154 , 160 , 153 , 174 , 165 , 168 , 174 , 174 , 170 , 184 , 199 , 228 , 231 , 259 , 294 , 307 , 308 , 308 , 226 , 285 , 253 , 246 , 255 , 274 , 281 , 354 , 363
Tracy,San Joaquin, 111 , 113 , 113 , 111 , 115 , 115 , 130 , 128 , 96 , 90 , 99 , 104 , 127 , 128 , 178 , 201 , 228 , 245 , 244 , 218 , 242 , 235 , 232 , 220 , 210 , 242 , 249
Arroyo Grande,San Luis Obispo, 96 , 101 , 98 , 139 , 146 , 153 , 158 , 167 , 170 , 175 , 190 , 199 , 226 , 256 , 282 , 295 , 293 , 284 , 279 , 269 , 284 , 247 , 280 , 277 , 193 , 303 , 311
Atascadero,San Luis Obispo, 87 , 88 , 91 , 92 , 95 , 89 , 39 , 101 , 103 , 113 , 100 , 114 , 124 , 134 , 148 , 151 , 187 , 191 , 175 , 176 , 174 , 198 , 180 , 183 , 179 , 195 , 204
El Paso De Robles,San Luis Obispo, 119 , 124 , 130 , 124 , 120 , 114 , 119 , 129 , 148 , 148 , 161 , 187 , 209 , 216 , 240 , 273 , 264 , 244 , 264 , 264 , 243 , 251 , 248 , 248 , 259 , 310 , 267
Grover Beach,San Luis Obispo, 84 , 112 , 119 , 122 , 127 , 129 , 144 , 122 , 126 , 116 , 127 , 150 , 171 , 191 , 185 , 207 , 154 , 243 , 255 , 230 , 248 , 226 , 240 , 252 , 246 , 280 , 284
Morro Bay,San Luis Obispo, 149 , 152 , 150 , 144 , 156 , 160 , 172 , 180 , 150 , 196 , 240 , 259 , 242 , 281 , 250 , 258 , 254 , 289 , 276 , 278 , 298 , 284 , 283 , 189 , 303 , 300 , 307
Pismo Beach,San Luis Obispo, 274 , 294 , 313 , 293 , 269 , 245 , 205 , 218 , 236 , 277 , 309 , 329 , 347 , 396 , 434 , 450 , 473 , 506 , 481 , 594 , 620 , 617 , 581 , 561 , 579 , 621 , 712
San Luis Obispo,San Luis Obispo, 126 , 130 , 127 , 134 , 134 , 134 , 131 , 140 , 137 , 134 , 162 , 178 , 200 , 210 , 226 , 224 , 303 , 115 , 303 , 287 , 286 , 287 , 278 , 277 , 288 , 300 , 302
Atherton,San Mateo, 161 , 173 , 147 , 132 , 165 , 158 , 218 , 207 , 395 , 334 , 404 , 456 , 482 , 543 , 533 , 578 , 598 , 564 , 644 , 645 , 704 , 670 , 656 , 728 , 765 , 838 , 869
Belmont,San Mateo, 122 , 122 , 131 , 142 , 159 , 133 , 143 , 158 , 142 , 187 , 231 , 242 , 244 , 227 , 267 , 299 , 306 , 336 , 334 , 327 , 343 , 323 , 340 , 369 , 377 , 403 , 361
Brisbane,San Mateo, 452 , 467 , 408 , 443 , 476 , 499 , 491 , 490 , 442 , 464 , 585 , 596 , 713 , 769 , 800 , 824 , 830 , 841 , 789 , 621 , 655 , 651 , 695 , 808 , 842 , 942 , 939
Burlingame,San Mateo, 144 , 148 , 153 , 153 , 160 , 182 , 178 , 193 , 197 , 210 , 229 , 260 , 279 , 287 , 322 , 269 , 303 , 315 , 291 , 284 , 304 , 314 , 323 , 395 , 452 , 480 , 505
Colma,San Mateo," 1,053 "," 1,096 "," 1,213 "," 1,423 "," 1,327 "," 1,263 "," 1,254 "," 1,288 "," 1,695 "," 1,759 "," 2,303 "," 2,847 "," 2,869 "," 2,399 "," 2,657 "," 2,753 "," 2,796 "," 2,781 "," 2,706 "," 3,003 "," 3,153 "," 2,987 "," 3,337 "," 3,133 "," 3,453 "," 3,961 "," 4,534 "
Daly City,San Mateo, 96 , 99 , 101 , 107 , 107 , 111 , 115 , 108 , 112 , 134 , 148 , 156 , 160 , 175 , 179 , 193 , 210 , 230 , 222 , 234 , 237 , 235 , 233 , 238 , 255 , 266 , 280
East Palo Alto,San Mateo, 112 , 124 , 131 , 110 , 138 , 133 , 121 , 120 , 148 , 159 , 152 , 197 , 268 , 267 , 269 , 286 , 233 , 264 , 284 , 316 , 290 , 260 , 327 , 270 , 288 , 301 , 295
Foster City,San Mateo, 152 , 161 , 153 , 152 , 159 , 161 , 162 , 169 , 176 , 180 , 208 , 224 , 242 , 242 , 245 , 270 , 277 , 296 , 303 , 299 , 289 , 279 , 277 , 289 , 314 , 332 , (126)
Half Moon Bay,San Mateo, 103 , 102 , 103 , 98 , 105 , 116 , 155 , 137 , 167 , 177 , 194 , 226 , 252 , 267 , 278 , 301 , 302 , 308 , 276 , 324 , 246 , 182 , 210 , 207 , 206 , 225 , 221
Hillsborough,San Mateo, 192 , 234 , 236 , 239 , 237 , 238 , 233 , 218 , 156 , 246 , 301 , 291 , 317 , 454 , 472 , 464 , 531 , 580 , 559 , 586 , 561 , 554 , 433 , 471 , 605 , 703 , 659
Menlo Park,San Mateo, 171 , 181 , 182 , 185 , 188 , 197 , 210 , 207 , 218 , 232 , 240 , 247 , 246 , 274 , 277 , 317 , 356 , 367 , 368 , 596 , 407 , 385 , 392 , 375 , 363 , 361 , 461
Millbrae,San Mateo, 125 , 127 , 114 , 125 , 128 , 130 , 140 , 151 , (33), 186 , 194 , 218 , 207 , 180 , 195 , 203 , 222 , 244 , 227 , 196 , 43 , 222 , 204 , 197 , 188 , 222 , 299
Pacifica,San Mateo, 96 , 89 , 92 , 93 , 99 , 95 , 94 , 96 , 87 , 99 , NR , NR , 150 , NR , 175 , 191 , 207 , 204 , 197 , 208 , 205 , 199 , 183 , 201 , 208 , 225 , 229
Portola Valley,San Mateo, 35 , 36 , 38 , 37 , 39 , 37 , 39 , 41 , 49 , 17 , 48 , 77 , 70 , 75 , 88 , 95 , 102 , 113 , 124 , 150 , 163 , 168 , 171 , 173 , 174 , 178 , 182
Redwood City,San Mateo, (259), 149 , 146 , 150 , 153 , 151 , 159 , 187 , 183 , 197 , 234 , 250 , 284 , 320 , 346 , 328 , 364 , 373 , 351 , 359 , 364 , 387 , 380 , 396 , 414 , 441 , 435
San Bruno,San Mateo, 122 , 122 , 115 , 116 , 127 , 127 , 133 , 141 , 138 , 173 , 197 , 196 , 176 , 210 , 222 , 218 , 272 , 273 , 248 , 237 , 243 , 233 , 238 , 265 , 262 , 260 , 291
San Carlos,San Mateo, 142 , 142 , 139 , 131 , 140 , 126 , 152 , 148 , 155 , 177 , 166 , 177 , 167 , 226 , 244 , 239 , 246 , 252 , 253 , 292 , 213 , 249 , 247 , 263 , 284 , 282 , 293
San Mateo,San Mateo, 135 , 140 , 132 , 132 , 131 , 130 , 138 , 144 , 136 , 150 , 171 , 182 , 199 , 209 , 223 , 24 , 257 , 245 , 252 , 255 , 262 , 266 , 272 , 289 , 323 , 355 , 369
South San Francisco,San Mateo, 140 , 139 , 143 , 136 , 135 , 136 , 149 , 165 , 165 , 174 , 181 , 176 , 205 , 226 , 247 , 252 , 253 , 277 , 262 , 279 , 282 , 293 , 296 , 285 , 325 , 364 , 382
Woodside,San Mateo, 53 , 50 , 47 , 42 , 44 , 44 , 45 , 48 , 53 , 26 , 59 , 67 , 78 , 86 , 94 , 155 , 166 , 176 , 189 , 222 , 237 , 249 , 246 , 258 , 262 , 269 , 269
Buellton,Santa Barbara,, 142 , 146 , 159 , 156 , 158 , 158 , 157 , 159 , 143 , 197 , 211 , 216 , 233 , 269 , 214 , 301 , 293 , 335 , 341 , 239 , 323 , 326 , 328 , 329 , 339 , 325
Carpinteria,Santa Barbara, 111 , 90 , 89 , 89 , 92 , 94 , 94 , 95 , 98 , 105 , 120 , 131 , 156 , 175 , 182 , 185 , 189 , 196 , 208 , 241 , 238 , 250 , 247 , 249 , 247 , 253 , 262
Goleta,Santa Barbara,,,,,,,,,,,,, 151 , 170 , 171 , 176 , 195 , 197 , 199 , 218 , 216 , 227 , 230 , 232 , 223 , 230 , 249
Guadalupe,Santa Barbara, 82 , 78 , 65 , 58 , 76 , 78 , 57 , 97 , 87 , 90 , 164 , 137 , 154 , 178 , 214 , 200 , 263 , 248 , 257 , 193 , 216 , 212 , 223 , 194 , 194 , 221 , 201
Lompoc,Santa Barbara, 85 , 90 , 89 , 89 , 91 , 88 , 100 , 100 , 101 , 109 , 126 , 131 , 152 , 118 , 177 , 174 , 183 , 199 , 175 , 185 , 197 , 192 , 200 , 199 , 208 , 227 , 215
Santa Barbara,Santa Barbara, 168 , 173 , 169 , 161 , 160 , 158 , 152 , 156 , 162 , 182 , 201 , 212 , 244 , 256 , 269 , 292 , 308 , 319 , 288 , 309 , 320 , 332 , 333 , 326 , 325 , 338 , 369
Santa Maria,Santa Barbara, 125 , 113 , 117 , 123 , 124 , 122 , 120 , 117 , 119 , 126 , 133 , 139 , 150 , 168 , 183 , 188 , 206 , 188 , 194 , 175 , 186 , 169 , 168 , 175 , 198 , 206 , 185
Solvang,Santa Barbara, 119 , 120 , 114 , 109 , 106 , 110 , 111 , 112 , 115 , 107 , 132 , 146 , 170 , 197 , 205 , 199 , 207 , 213 , 226 , 243 , 281 , 291 , 291 , 292 , 288 , 283 , 291
Campbell,Santa Clara, 126 , 131 , 140 , 151 , 146 , 145 , 155 , 171 , 166 , 177 , 181 , 187 , 233 , 285 , 274 , 259 , 286 , 293 , 271 , 276 , 296 , 320 , 295 , 307 , 340 , 367 , 398
Cupertino,Santa Clara, 84 , 93 , 86 , 86 , 97 , 91 , 89 , 93 , 81 , 92 , 98 , 104 , 104 , 113 , 118 , 111 , 121 , 141 , 142 , 136 , 137 , 142 , 157 , 167 , 177 , 198 , 195
Gilroy,Santa Clara, 138 , 146 , 162 , 128 , 107 , 190 , 158 , 172 , 221 , 222 , 225 , 278 , 321 , 249 , 332 , 348 , 361 , 321 , 293 , 309 , 321 , 334 , 345 , 348 , 355 , 359 , 373
Los Altos,Santa Clara, 103 , 107 , 103 , 111 , 108 , 114 , 116 , 133 , 126 , 137 , 164 , 169 , 184 , 201 , 226 , 223 , 234 , 267 , 247 , 261 , 264 , 259 , 265 , 290 , 282 , 287 , 311
Los Altos Hills,Santa Clara, 61 , 67 , 59 , 64 , 66 , 68 , 61 , 58 , 57 , 35 , 69 , 58 , 59 , 76 , 82 , 100 , 89 , 98 , 98 , 110 , 100 , 108 , 121 , 116 , 119 , 152 , 174
Los Gatos,Santa Clara, 173 , 176 , 182 , 176 , 165 , 172 , 190 , 223 , 231 , 244 , 278 , 302 , 301 , 334 , 329 , 349 , 371 , 387 , 370 , 409 , 412 , 412 , 468 , 389 , 291 , 339 , 380
Milpitas,Santa Clara, 171 , 176 , 178 , 172 , 178 , 180 , 182 , 190 , 187 , 203 , 208 , 240 , 270 , 289 , 293 , 283 , 298 , 289 , 289 , 308 , 308 , 291 , 295 , 311 , 332 , 335 , 343
Monte Sereno,Santa Clara, 12 , 10 , 17 , 27 , 15 , 24 , 26 , 28 , 32 , 40 , 68 , 51 , 53 , 55 , 19 , 64 , 59 , 71 , 49 , 88 , 88 , 86 , 102 , 115 , 153 , 160 , 188
Morgan Hill,Santa Clara, 144 , 111 , 100 , 90 , 98 , 107 , 113 , 122 , 128 , 108 , 134 , 150 , 169 , (3), 205 , 211 , 228 , 228 , 209 , 222 , 236 , 217 , 263 , 287 , 166 , 317 , 313
Mountain View,Santa Clara, 123 , 121 , 131 , 131 , 133 , 132 , 138 , 154 , 160 , 176 , 207 , 216 , 232 , 215 , 231 , 240 , 256 , 277 , 270 , 345 , 359 , 290 , 298 , 336 , 355 , 377 , 391
Palo Alto,Santa Clara, 244 , 232 , 232 , 239 , 199 , 199 , 221 , 232 , 218 , 167 , 295 , 303 , 285 , 288 , 306 , 307 , 367 , 366 , 360 , 413 , 481 , 469 , 501 , 502 , 512 , 572 , 584
San Jose,Santa Clara, 122 , 127 , 131 , 130 , 148 , 144 , 142 , 161 , 169 , 180 , 177 , 177 , 203 , 176 , 189 , 150 , 217 , 216 , 237 , 253 , 260 , 251 , 267 , 268 , 289 , 304 , 321
Santa Clara,Santa Clara, 170 , 165 , 167 , 172 , 179 , 179 , 28 , 182 , 186 , 210 , 244 , 272 , 268 , 277 , 295 , 305 , 325 , 348 , 351 , 335 , 325 , 332 , 346 , 406 , 406 , 453 , 474
Saratoga,Santa Clara, 61 , 64 , 67 , 80 , 81 , 89 , 72 , 72 , 68 , 83 , 94 , 94 , 87 , 95 , 88 , 87 , 101 , 108 , 112 , 120 , 112 , 113 , 123 , 134 , 146 , 152 , 157
Sunnyvale,Santa Clara, 122 , 126 , 126 , 118 , 125 , 142 , 149 , 143 , 146 , 157 , 169 , 197 , 167 , 172 , 193 , 186 , 190 , 194 , 190 , 191 , 193 , 202 , 198 , 196 , 210 , 238 , 233
Capitola,Santa Cruz, 254 , 264 , 285 , 225 , 216 , 246 , 285 , 291 , 277 , 332 , 337 , 370 , 325 , 438 , 456 , 497 , 472 , 485 , 446 , 464 , 450 , 459 , 481 , 460 , 506 , 530 , 527
Santa Cruz,Santa Cruz, 145 , 130 , 132 , 154 , 158 , 175 , 143 , 141 , 184 , 199 , 224 , 245 , 232 , 250 , 264 , 274 , 313 , 368 , 329 , 307 , 285 , 304 , 330 , 334 , 340 , 372 , 369
Scotts Valley,Santa Cruz, 189 , 204 , 226 , 222 , 212 , 197 , 208 , 212 , 221 , 208 , 222 , 222 , 237 , 248 , 276 , 267 , 270 , 292 , 315 , 331 , 350 , 330 , 311 , 338 , 353 , 372 , 382
Watsonville,Santa Cruz, 162 , 123 , 141 , 145 , 147 , 138 , 159 , 161 , 164 , 147 , 166 , 180 , 178 , 213 , 213 , 216 , 255 , 256 , 239 , 240 , 218 , 216 , 230 , 232 , 218 , 269 , 274
Anderson,Shasta, 134 , 108 , 140 , 142 , 165 , 161 , 174 , 159 , 195 , (54), 188 , 194 , 187 , 218 , 224 , 238 , 338 , 310 , 284 , 311 , 330 , 324 , 319 , 333 , 366 , 371 , 423
Redding,Shasta, 141 , 138 , 140 , 140 , 147 , 138 , 150 , 156 , 146 , 152 , 158 , 171 , 194 , 224 , 218 , 230 , 247 , 255 , 237 , 244 , 190 , 183 , 172 , 250 , 264 , 278 , 278
Shasta Lake,Shasta,,, 121 , NR , 155 , 107 , 105 , 113 , 117 , 104 , 121 , 167 , 166 , 183 , 198 , 190 , 229 , 233 , 232 , 232 , 237 , 239 , 237 , 241 , 255 , 262 , 284
Loyalton,Sierra, 7 , 19 , 19 , 17 , 22 , 20 , 21 , 22 , 22 , (94), (14), 8 , NR , 24 , NR , 31 , 16 , 23 , 32 , 21 , 20 , 23 , 3 , 20 , NR , 20 , 21
Dorris,Siskiyou, 106 , 140 , 126 , 127 , 111 , 171 , 196 , 107 , 140 , (77), 250 , NR , NR , NR , 168 , 81 , 66 , 140 , 78 , 89 , 116 , 106 , (101), 102 , 88 , 79 , 73
Dunsmuir,Siskiyou, 147 , 143 , 123 , 128 , 134 , 143 , 157 , 162 , 179 , 153 , 116 , 149 , 161 , 152 , 170 , 154 , 81 , 205 , 232 , 266 , 212 , 186 , 188 , 164 , 199 , 184 , 180
Etna,Siskiyou, 38 , 47 , 46 , 46 , 45 , 48 , NR , 81 , NR , (97), 79 , 73 , 110 , 241 , 260 , 112 , 99 , 103 , 83 , 107 , 63 , 149 , 169 , 168 , 55 , 67 , 103
Fort Jones,Siskiyou, 57 , 59 , 60 , NR , NR , NR , 89 , NR , 60 , NR , (65), 251 , 157 , (112), 62 , 16 , (14), 6 , (50), (44), 40 , (58), (16), (17), (28), 120 , 1
Montague,Siskiyou, 54 , 54 , 51 , 54 , 40 , 43 , 75 , 64 , 67 , 72 , 81 , 71 , 48 , 44 , 50 , 50 , 78 , 78 , 86 , 73 , 21 , 104 , 68 , 52 , 108 , 64 , 80
Mount Shasta,Siskiyou, 148 , 129 , 171 , 172 , 163 , 245 , 183 , 182 , 189 , 82 , 104 , 136 , 139 , 125 , 150 , 163 , 178 , 186 , 189 , 194 , 198 , 201 , 182 , 206 , 229 , 335 , 338
Tulelake,Siskiyou, 111 , 123 , 123 , 151 , 202 , 217 , 230 , 196 , 168 , (35), NR , NR , NR , NR , NR , NR , NR , NR , NR , 214 , 176 , 164 , 253 , (9), 131 , 119 , 127
Weed,Siskiyou, 157 , 159 , 172 , 176 , 199 , 180 , 191 , 189 , 177 , 171 , 218 , 146 , 123 , 287 , 287 , 332 , NR , NR , NR , 393 , 384 , 395 , 436 , 387 , 417 , 449 , 464
Yreka,Siskiyou, 144 , 146 , 150 , 153 , 153 , 166 , 174 , 197 , 202 , 169 , 204 , 184 , 203 , 223 , 245 , 246 , 262 , 273 , 270 , 263 , 263 , 279 , 283 , 258 , 292 , 249 , 309
Benicia,Solano, 111 , 126 , 136 , 125 , 139 , 145 , 146 , 145 , 139 , 137 , 146 , 163 , 199 , 227 , 142 , 243 , 268 , 279 , 304 , 294 , 275 , 285 , 285 , 289 , 291 , 299 , 338
Dixon,Solano, 128 , 128 , 121 , 125 , 113 , 62 , 114 , 127 , 131 , 106 , 129 , 156 , 146 , 178 , 192 , 206 , 212 , 175 , 186 , 176 , 191 , 171 , 169 , 171 , 190 , 189 , 216
Fairfield,Solano, 114 , 110 , 107 , 113 , 123 , 127 , 128 , 141 , 134 , 139 , 142 , 147 , 166 , 191 , 198 , 230 , 271 , 286 , 285 , 268 , 265 , 262 , 257 , 268 , 315 , 307 , 308
Rio Vista,Solano, 146 , 180 , 181 , 167 , 161 , 143 , 129 , 115 , 164 , 131 , 163 , 210 , 192 , 252 , 265 , 265 , 252 , 206 , 184 , 215 , 191 , 181 , 225 , 238 , 226 , 233 , 202
Suisun City,Solano, 93 , 83 , 77 , 79 , 82 , 76 , 93 , 82 , 95 , 94 , 100 , 112 , 120 , 119 , 109 , 119 , 120 , 103 , 125 , 137 , 146 , 145 , 142 , 148 , 163 , 171 , 182
Vacaville,Solano, 94 , 90 , 104 , 109 , 108 , 126 , 130 , 129 , 134 , 137 , 154 , 182 , 221 , 210 , 229 , 248 , 261 , 275 , 270 , 279 , 259 , 259 , 277 , 294 , 306 , 317 , 339
Vallejo,Solano, 150 , 154 , 164 , 174 , 168 , 181 , 183 , 171 , 187 , 201 , 198 , 211 , 237 , 235 , 274 , 276 , 277 , 230 , 196 , 213 , 241 , 262 , 244 , 276 , 301 , 333 , 323
Cloverdale,Sonoma, 144 , 141 , 140 , 136 , 143 , 150 , 170 , 140 , 142 , 182 , 158 , 54 , 187 , 168 , 244 , 172 , 294 , 335 , 328 , 326 , 332 , 335 , 321 , 345 , 312 , 344 , 344
Cotati,Sonoma, 158 , 197 , 200 , 187 , 177 , 184 , 190 , 166 , 218 , 174 , 181 , 261 , 254 , 252 , 316 , 333 , 374 , 338 , 294 , 267 , 314 , 266 , 319 , 345 , 337 , 354 , 334
Healdsburg,Sonoma, 76 , 151 , 39 , 177 , 181 , 189 , 223 , 231 , 221 , 211 , 231 , 267 , (40), 309 , 376 , 388 , 415 , 424 , 341 , 357 , 340 , 285 , 282 , 374 , 367 , 418 , 438
Petaluma,Sonoma, 130 , 124 , 122 , 128 , 129 , 125 , 137 , 146 , 152 , 143 , 154 , 186 , 195 , 199 , 243 , 243 , 268 , 245 , 235 , 223 , 220 , 225 , 228 , 234 , 254 , 266 , 265
Rohnert Park,Sonoma, 111 , 111 , 118 , 124 , 125 , 105 , 134 , 127 , 168 , 142 , 170 , 172 , 233 , 239 , 247 , 264 , 324 , 310 , 271 , 256 , 224 , 242 , 261 , 310 , 303 , 280 , 359
Santa Rosa,Sonoma, 122 , 127 , 128 , 144 , 142 , 155 , 157 , 157 , 161 , 162 , 171 , 137 , 206 , 198 , 211 , 219 , 244 , 243 , 225 , 212 , 214 , 209 , 216 , 231 , 241 , 255 , 283
Sebastopol,Sonoma, 121 , 209 , 160 , 170 , 179 , 184 , 204 , 228 , 234 , 257 , 268 , 237 , 239 , 275 , 291 , 311 , 357 , 385 , 335 , 407 , 366 , 362 , 375 , 404 , 472 , 428 , 454
Sonoma,Sonoma, 136 , 132 , 145 , 152 , 151 , 162 , 31 , 168 , 182 , 177 , 205 , 177 , 194 , 301 , 299 , 328 , 296 , 355 , 383 , 353 , 350 , 335 , 382 , 385 , 383 , 386 , 402
Windsor,Sonoma,, 56 , 83 , 84 , 90 , 94 , 90 , 105 , 73 , 101 , 121 , 131 , 139 , 147 , 155 , 172 , 189 , 189 , 185 , 187 , 201 , 226 , 215 , 212 , 224 , 241 , 240
Ceres,Stanislaus, 114 , 107 , 100 , 109 , 112 , 103 , 111 , 120 , 116 , 130 , 155 , 154 , 167 , 155 , 176 , 184 , 213 , 226 , 222 , 203 , 210 , 220 , 219 , 220 , 218 , 216 , 229
Hughson,Stanislaus, 99 , 103 , 101 , 103 , 80 , 85 , 81 , 61 , 70 , 36 , 96 , 88 , 96 , 122 , 135 , 131 , 136 , 128 , 118 , 117 , 124 , 129 , 137 , 138 , 124 , 134 , 146
Modesto,Stanislaus, 123 , 123 , 125 , 124 , 136 , 141 , 155 , 155 , 142 , 148 , 153 , 166 , 178 , 192 , 205 , 214 , 220 , 216 , 206 , 200 , 198 , 197 , 206 , 225 , 232 , 228 , 248
Newman,Stanislaus, 98 , 104 , 102 , 112 , 120 , 121 , 127 , 125 , 115 , 84 , 116 , 120 , 132 , 128 , 132 , 130 , 142 , 163 , 153 , 129 , 142 , 150 , 158 , 164 , 166 , 192 , 157
Oakdale,Stanislaus, 131 , 128 , 124 , 134 , 136 , 124 , 139 , 130 , 125 , 129 , 139 , 153 , 155 , 177 , 184 , 182 , 202 , 199 , 174 , 140 , 149 , 165 , 149 , 136 , 165 , 159 , 180
Patterson,Stanislaus, 103 , 97 , 97 , 93 , 88 , 80 , 83 , 90 , 96 , 75 , 85 , 97 , 103 , 78 , 76 , 96 , 114 , 131 , 122 , 147 , 153 , 188 , 182 , 179 , 183 , 187 , 200
Riverbank,Stanislaus, 102 , 107 , 114 , 107 , 66 , 80 , 84 , 76 , 73 , 76 , 77 , 91 , 111 , 104 , 103 , 122 , 147 , 138 , 131 , 122 , 122 , 135 , 141 , 139 , 129 , 129 , 129
Turlock,Stanislaus, 99 , 97 , 101 , 105 , 113 , 117 , 122 , 116 , 115 , 90 , 121 , 125 , 140 , 156 , 160 , 158 , 194 , 213 , 201 , 194 , 196 , 189 , 192 , 247 , 206 , 211 , 236
Waterford,Stanislaus, 94 , 89 , 97 , 111 , 99 , 78 , 86 , 82 , 119 , 95 , 101 , 107 , 95 , 105 , 110 , 105 , 128 , 116 , 123 , 140 , 132 , 131 , 140 , 125 , 129 , 141 , 160
Live Oak,Sutter, 76 , 67 , 73 , 53 , 56 , 58 , 36 , 25 , 49 , 19 , 66 , 52 , 40 , 56 , 65 , 42 , 71 , 64 , 51 , 53 , 72 , 44 , 46 , 24 , 70 , 104 , 95
Yuba City,Sutter, 128 , 124 , 120 , 105 , 132 , 145 , 119 , 132 , 129 , 96 , 107 , 114 , 117 , 120 , 137 , 159 , 175 , 183 , 177 , 186 , 180 , 177 , 175 , 184 , 190 , 213 , 190
Corning,Tehama, 145 , 165 , 140 , 153 , 151 , 166 , 169 , 204 , 139 , 136 , 192 , 215 , 233 , 228 , 225 , 260 , 278 , 287 , 281 , 283 , 278 , 285 , 288 , 287 , 272 , 269 , 292
Red Bluff,Tehama, 118 , 116 , 122 , 130 , 157 , 155 , 169 , 138 , 158 , 156 , 164 , 134 , 176 , 216 , 248 , 263 , 261 , 251 , 250 , 215 , 229 , 245 , 259 , 270 , 281 , 300 , 335
Tehama,Tehama, NR , NR , NR , NR , NR , NR , NR , NR , NR , (0), (5), (36), 13 , 10 , 7 , (1), 5 , 6 , 1 , NR , NR , (36), 0 , NR , (32), (2), (1)
Dinuba,Tulare, 108 , 100 , 108 , 104 , 104 , 103 , 105 , 113 , 120 , 112 , (10), 107 , 125 , 122 , 113 , 192 , 205 , 215 , 196 , 185 , 204 , 243 , 253 , 252 , 254 , 243 , 186
Exeter,Tulare, 84 , 90 , 90 , 97 , 97 , 96 , 95 , 106 , 103 , 120 , 129 , 142 , 119 , 140 , 155 , 156 , 165 , 174 , 168 , 162 , 147 , 154 , 182 , 199 , 193 , 206 , 200
Farmersville,Tulare,,,,,,,,,,,,,,,,,, 142 , 110 , 137 , 143 , 107 , 120 , 121 , 136 , 154 , 148
Lindsay,Tulare, 73 , 69 , 76 , 81 , 78 , 69 , 79 , 76 , 92 , 72 , 94 , 90 , 92 , 98 , 118 , 120 , 149 , 151 , 171 , 213 , 138 , 135 , 150 , 121 , 131 , 182 , 156
Porterville,Tulare, 98 , 103 , 99 , 104 , 100 , 98 , 99 , 104 , 110 , 103 , 102 , 99 , 107 , 118 , 117 , 129 , 131 , 82 , 135 , 132 , 133 , 124 , 133 , 131 , 128 , 137 , 132
Tulare,Tulare, 90 , 90 , 96 , 103 , 105 , 103 , 106 , 124 , 111 , 102 , 118 , 129 , 135 , 61 , 127 , 160 , 163 , 192 , 190 , 181 , 183 , 182 , 185 , 205 , 218 , 229 , 229
Visalia,Tulare, 86 , 89 , 83 , 96 , 104 , 107 , 141 , 143 , 134 , 107 , 138 , 150 , 158 , 147 , 158 , 161 , 179 , 212 , 197 , 203 , 197 , 184 , 187 , 190 , 188 , 196 , 198
Woodlake,Tulare, 85 , 90 , 89 , 105 , 110 , 92 , 86 , 97 , 85 , 76 , 92 , 106 , 114 , 122 , 185 , 139 , 148 , 175 , 211 , 185 , 191 , 149 , 118 , 128 , 156 , 140 , 201
Sonora,Tuolumne, 217 , 186 , 200 , 243 , 243 , 287 , 275 , 282 , 258 , 227 , 266 , 284 , 334 , 326 , 289 , 357 , 384 , 336 , 366 , 307 , 205 , 234 , 322 , 329 , 378 , 446 , 299
Camarillo,Ventura, 68 , 70 , 75 , 64 , 69 , 75 , 73 , 38 , 88 , 102 , 108 , 118 , 135 , 150 , 158 , 179 , 186 , 191 , 190 , 201 , 214 , 206 , 213 , 209 , 207 , 220 , 226
Fillmore,Ventura, 86 , 89 , 101 , 108 , 112 , 59 , 103 , 107 , 92 , 86 , 121 , 109 , 130 , 157 , 177 , 185 , 208 , 203 , 194 , 211 , 188 , 176 , 176 , 186 , 186 , 189 , 180
Moorpark,Ventura, 75 , 79 , 85 , 88 , 88 , 88 , 94 , 91 , 91 , 83 , 92 , 88 , 100 , 102 , 116 , 131 , 145 , 148 , 142 , 161 , 169 , 157 , 164 , 164 , 173 , 183 , 181
Ojai,Ventura, 139 , 141 , 143 , 145 , 149 , 154 , 170 , 241 , 178 , 206 , 239 , 218 , 237 , 265 , 280 , 302 , 312 , 325 , 305 , 333 , 354 , 359 , 367 , 376 , 373 , 393 , 405
Oxnard,Ventura, 95 , 98 , 102 , 110 , 115 , 113 , 141 , 105 , 109 , 195 , 170 , 130 , 161 , 178 , 179 , 204 , 222 , 206 , 249 , 240 , 246 , 253 , 266 , 261 , 241 , 240 , 247
Port Hueneme,Ventura, 108 , 109 , 101 , 106 , 115 , 107 , 100 , 120 , 185 , 199 , 132 , 156 , 180 , 204 , 228 , 254 , 241 , 242 , 247 , 264 , 287 , 260 , 265 , 311 , 295 , 241 , 260
San Buenaventura,Ventura, 134 , 140 , 129 , 131 , 131 , 130 , 130 , 148 , 157 , 163 , 171 , 175 , 190 , 212 , 246 , 218 , 241 , 238 , 225 , 235 , 241 , 247 , 242 , 256 , 275 , 292 , 289
Santa Paula,Ventura, 100 , 104 , 100 , 100 , 108 , 105 , 95 , 93 , 98 , 98 , 97 , 123 , 125 , 136 , 143 , 132 , 163 , 169 , 143 , 165 , 155 , 128 , 153 , 163 , 145 , 184 , 192
Simi Valley,Ventura, 97 , 90 , 106 , 112 , 112 , 125 , 128 , 127 , 132 , 137 , 148 , 154 , 169 , 193 , 211 , 212 , 228 , 229 , 208 , 214 , 217 , 208 , 213 , 220 , 232 , 237 , 246
Thousand Oaks,Ventura, 72 , 78 , 80 , 97 , 83 , 88 , 92 , 102 , 106 , 117 , 120 , 124 , 134 , 151 , 166 , 182 , 190 , 192 , 184 , 190 , 196 , 189 , 194 , 199 , 200 , 210 , 216
Davis,Yolo, 81 , 89 , 90 , 92 , 86 , 95 , 77 , 86 , 89 , 84 , 104 , 98 , 116 , 123 , 140 , 165 , 165 , 170 , 181 , 178 , 176 , 190 , 198 , 212 , 218 , 240 , 253
West Sacramento,Yolo, 174 , 202 , 189 , 161 , 194 , 208 , 224 , 190 , 208 , 206 , 243 , 229 , 255 , 246 , 257 , 276 , 325 , 303 , 320 , 306 , 301 , 288 , 299 , 293 , 300 , 339 , 326
Winters,Yolo, 88 , 66 , 44 , 126 , 135 , 150 , 132 , 154 , 127 , 124 , 107 , 126 , 111 , 166 , 179 , 226 , 235 , 244 , 222 , 215 , 254 , 285 , 260 , 281 , 337 , 337 , 332
Woodland,Yolo, 116 , 123 , 119 , 112 , 123 , 113 , 131 , 138 , 139 , 138 , 156 , 158 , 169 , 200 , 226 , 246 , 258 , 248 , 248 , 241 , 248 , 248 , 265 , 274 , 297 , 311 , 318
Marysville,Yuba, 143 , 136 , 138 , 141 , 151 , 156 , 151 , 155 , 139 , 133 , 130 , 157 , 150 , 206 , 178 , 196 , 220 , 190 , 176 , 192 , 203 , 192 , 210 , 183 , 128 , 200 , 216
Wheatland,Yuba, 136 , 110 , 112 , 67 , 76 , 90 , 81 , 96 , 113 , 63 , 100 , 110 , 126 , 126 , 118 , 119 , 159 , 173 , 165 , 178 , 149 , 158 , 145 , 144 , 205 , 249 , 209
